Path,Format,Dataset,Weighted,Vertex number,Edge number,Density,Best known solution value,Best known bound
bhoslib/frb30-15-1.mis,dimacs1992,bhoslib,0,,,,,
bhoslib/frb30-15-2.mis,dimacs1992,bhoslib,0,,,,,
bhoslib/frb30-15-3.mis,dimacs1992,bhoslib,0,,,,,
bhoslib/frb30-15-4.mis,dimacs1992,bhoslib,0,,,,,
bhoslib/frb30-15-5.mis,dimacs1992,bhoslib,0,,,,,
bhoslib/frb35-17-1.mis,dimacs1992,bhoslib,0,,,,,
bhoslib/frb35-17-2.mis,dimacs1992,bhoslib,0,,,,,
bhoslib/frb35-17-3.mis,dimacs1992,bhoslib,0,,,,,
bhoslib/frb35-17-4.mis,dimacs1992,bhoslib,0,,,,,
bhoslib/frb35-17-5.mis,dimacs1992,bhoslib,0,,,,,
bhoslib/frb40-19-1.mis,dimacs1992,bhoslib,0,,,,,
bhoslib/frb40-19-2.mis,dimacs1992,bhoslib,0,,,,,
bhoslib/frb40-19-3.mis,dimacs1992,bhoslib,0,,,,,
bhoslib/frb40-19-4.mis,dimacs1992,bhoslib,0,,,,,
bhoslib/frb40-19-5.mis,dimacs1992,bhoslib,0,,,,,
bhoslib/frb45-21-1.mis,dimacs1992,bhoslib,0,,,,,
bhoslib/frb45-21-2.mis,dimacs1992,bhoslib,0,,,,,
bhoslib/frb45-21-3.mis,dimacs1992,bhoslib,0,,,,,
bhoslib/frb45-21-4.mis,dimacs1992,bhoslib,0,,,,,
bhoslib/frb45-21-5.mis,dimacs1992,bhoslib,0,,,,,
bhoslib/frb50-23-1.mis,dimacs1992,bhoslib,0,,,,,
bhoslib/frb50-23-2.mis,dimacs1992,bhoslib,0,,,,,
bhoslib/frb50-23-3.mis,dimacs1992,bhoslib,0,,,,,
bhoslib/frb50-23-4.mis,dimacs1992,bhoslib,0,,,,,
bhoslib/frb50-23-5.mis,dimacs1992,bhoslib,0,,,,,
bhoslib/frb53-24-1.mis,dimacs1992,bhoslib,0,,,,,
bhoslib/frb53-24-2.mis,dimacs1992,bhoslib,0,,,,,
bhoslib/frb53-24-3.mis,dimacs1992,bhoslib,0,,,,,
bhoslib/frb53-24-4.mis,dimacs1992,bhoslib,0,,,,,
bhoslib/frb53-24-5.mis,dimacs1992,bhoslib,0,,,,,
bhoslib/frb56-25-1.mis,dimacs1992,bhoslib,0,,,,,
bhoslib/frb56-25-2.mis,dimacs1992,bhoslib,0,,,,,
bhoslib/frb56-25-3.mis,dimacs1992,bhoslib,0,,,,,
bhoslib/frb56-25-4.mis,dimacs1992,bhoslib,0,,,,,
bhoslib/frb56-25-5.mis,dimacs1992,bhoslib,0,,,,,
bhoslib/frb59-26-1.mis,dimacs1992,bhoslib,0,,,,,
bhoslib/frb59-26-2.mis,dimacs1992,bhoslib,0,,,,,
bhoslib/frb59-26-3.mis,dimacs1992,bhoslib,0,,,,,
bhoslib/frb59-26-4.mis,dimacs1992,bhoslib,0,,,,,
bhoslib/frb59-26-5.mis,dimacs1992,bhoslib,0,,,,,
dimacs1992/brock200_1.clq,dimacs1992,dimacs1992,0,,,,,
dimacs1992/brock200_2.clq,dimacs1992,dimacs1992,0,,,,,
dimacs1992/brock200_3.clq,dimacs1992,dimacs1992,0,,,,,
dimacs1992/brock200_4.clq,dimacs1992,dimacs1992,0,,,,,
dimacs1992/brock400_1.clq,dimacs1992,dimacs1992,0,,,,,
dimacs1992/brock400_2.clq,dimacs1992,dimacs1992,0,,,,,
dimacs1992/brock400_3.clq,dimacs1992,dimacs1992,0,,,,,
dimacs1992/brock400_4.clq,dimacs1992,dimacs1992,0,,,,,
dimacs1992/brock800_1.clq,dimacs1992,dimacs1992,0,,,,,
dimacs1992/brock800_2.clq,dimacs1992,dimacs1992,0,,,,,
dimacs1992/brock800_3.clq,dimacs1992,dimacs1992,0,,,,,
dimacs1992/brock800_4.clq,dimacs1992,dimacs1992,0,,,,,
dimacs1992/C1000.9.clq,dimacs1992,dimacs1992,0,,,,,
dimacs1992/C125.9.clq,dimacs1992,dimacs1992,0,,,,,
dimacs1992/C2000.5.clq,dimacs1992,dimacs1992,0,,,,,
dimacs1992/C2000.9.clq,dimacs1992,dimacs1992,0,,,,,
dimacs1992/C250.9.clq,dimacs1992,dimacs1992,0,,,,,
dimacs1992/C4000.5.clq,dimacs1992,dimacs1992,0,,,,,
dimacs1992/C500.9.clq,dimacs1992,dimacs1992,0,,,,,
dimacs1992/c-fat200-1.clq,dimacs1992,dimacs1992,0,,,,,
dimacs1992/c-fat200-2.clq,dimacs1992,dimacs1992,0,,,,,
dimacs1992/c-fat200-5.clq,dimacs1992,dimacs1992,0,,,,,
dimacs1992/c-fat500-10.clq,dimacs1992,dimacs1992,0,,,,,
dimacs1992/c-fat500-1.clq,dimacs1992,dimacs1992,0,,,,,
dimacs1992/c-fat500-2.clq,dimacs1992,dimacs1992,0,,,,,
dimacs1992/c-fat500-5.clq,dimacs1992,dimacs1992,0,,,,,
dimacs1992/gen200_p0.9_44.clq,dimacs1992,dimacs1992,0,,,,,
dimacs1992/gen200_p0.9_55.clq,dimacs1992,dimacs1992,0,,,,,
dimacs1992/gen400_p0.9_55.clq,dimacs1992,dimacs1992,0,,,,,
dimacs1992/gen400_p0.9_65.clq,dimacs1992,dimacs1992,0,,,,,
dimacs1992/gen400_p0.9_75.clq,dimacs1992,dimacs1992,0,,,,,
dimacs1992/hamming10-2.clq,dimacs1992,dimacs1992,0,,,,,
dimacs1992/hamming10-4.clq,dimacs1992,dimacs1992,0,,,,,
dimacs1992/hamming6-2.clq,dimacs1992,dimacs1992,0,,,,,
dimacs1992/hamming6-4.clq,dimacs1992,dimacs1992,0,,,,,
dimacs1992/hamming8-2.clq,dimacs1992,dimacs1992,0,,,,,
dimacs1992/hamming8-4.clq,dimacs1992,dimacs1992,0,,,,,
dimacs1992/johnson16-2-4.clq,dimacs1992,dimacs1992,0,,,,,
dimacs1992/johnson32-2-4.clq,dimacs1992,dimacs1992,0,,,,,
dimacs1992/johnson8-2-4.clq,dimacs1992,dimacs1992,0,,,,,
dimacs1992/johnson8-4-4.clq,dimacs1992,dimacs1992,0,,,,,
dimacs1992/keller4.clq,dimacs1992,dimacs1992,0,,,,,
dimacs1992/keller5.clq,dimacs1992,dimacs1992,0,,,,,
dimacs1992/keller6.clq,dimacs1992,dimacs1992,0,,,,,
dimacs1992/MANN_a27.clq,dimacs1992,dimacs1992,0,,,,,
dimacs1992/MANN_a45.clq,dimacs1992,dimacs1992,0,,,,,
dimacs1992/MANN_a81.clq,dimacs1992,dimacs1992,0,,,,,
dimacs1992/MANN_a9.clq,dimacs1992,dimacs1992,0,,,,,
dimacs1992/p_hat1000-1.clq,dimacs1992,dimacs1992,0,,,,,
dimacs1992/p_hat1000-2.clq,dimacs1992,dimacs1992,0,,,,,
dimacs1992/p_hat1000-3.clq,dimacs1992,dimacs1992,0,,,,,
dimacs1992/p_hat1500-1.clq,dimacs1992,dimacs1992,0,,,,,
dimacs1992/p_hat1500-2.clq,dimacs1992,dimacs1992,0,,,,,
dimacs1992/p_hat1500-3.clq,dimacs1992,dimacs1992,0,,,,,
dimacs1992/p_hat300-1.clq,dimacs1992,dimacs1992,0,,,,,
dimacs1992/p_hat300-2.clq,dimacs1992,dimacs1992,0,,,,,
dimacs1992/p_hat300-3.clq,dimacs1992,dimacs1992,0,,,,,
dimacs1992/p_hat500-1.clq,dimacs1992,dimacs1992,0,,,,,
dimacs1992/p_hat500-2.clq,dimacs1992,dimacs1992,0,,,,,
dimacs1992/p_hat500-3.clq,dimacs1992,dimacs1992,0,,,,,
dimacs1992/p_hat700-1.clq,dimacs1992,dimacs1992,0,,,,,
dimacs1992/p_hat700-2.clq,dimacs1992,dimacs1992,0,,,,,
dimacs1992/p_hat700-3.clq,dimacs1992,dimacs1992,0,,,,,
dimacs1992/san1000.clq,dimacs1992,dimacs1992,0,,,,,
dimacs1992/san200_0.7_1.clq,dimacs1992,dimacs1992,0,,,,,
dimacs1992/san200_0.7_2.clq,dimacs1992,dimacs1992,0,,,,,
dimacs1992/san200_0.9_1.clq,dimacs1992,dimacs1992,0,,,,,
dimacs1992/san200_0.9_2.clq,dimacs1992,dimacs1992,0,,,,,
dimacs1992/san200_0.9_3.clq,dimacs1992,dimacs1992,0,,,,,
dimacs1992/san400_0.5_1.clq,dimacs1992,dimacs1992,0,,,,,
dimacs1992/san400_0.7_1.clq,dimacs1992,dimacs1992,0,,,,,
dimacs1992/san400_0.7_2.clq,dimacs1992,dimacs1992,0,,,,,
dimacs1992/san400_0.7_3.clq,dimacs1992,dimacs1992,0,,,,,
dimacs1992/san400_0.9_1.clq,dimacs1992,dimacs1992,0,,,,,
dimacs1992/sanr200_0.7.clq,dimacs1992,dimacs1992,0,,,,,
dimacs1992/sanr200_0.9.clq,dimacs1992,dimacs1992,0,,,,,
dimacs1992/sanr400_0.5.clq,dimacs1992,dimacs1992,0,,,,,
dimacs1992/sanr400_0.7.clq,dimacs1992,dimacs1992,0,,,,,
dimacs2010/clustering/adjnoun.graph,dimacs2010,dimacs2010,0,,,,,
dimacs2010/clustering/as-22july06.graph,dimacs2010,dimacs2010,0,,,,,
dimacs2010/clustering/astro-ph.graph,dimacs2010,dimacs2010,0,,,,,
dimacs2010/clustering/caidaRouterLevel.graph,dimacs2010,dimacs2010,0,,,,,
dimacs2010/clustering/celegans_metabolic.graph,dimacs2010,dimacs2010,0,,,,,
dimacs2010/clustering/celegansneural.graph,dimacs2010,dimacs2010,0,,,,,
dimacs2010/clustering/chesapeake.graph,dimacs2010,dimacs2010,0,,,,,
dimacs2010/clustering/cnr-2000.graph,dimacs2010,dimacs2010,0,,,,,
dimacs2010/clustering/cond-mat-2003.graph,dimacs2010,dimacs2010,0,,,,,
dimacs2010/clustering/cond-mat-2005.graph,dimacs2010,dimacs2010,0,,,,,
dimacs2010/clustering/cond-mat.graph,dimacs2010,dimacs2010,0,,,,,
dimacs2010/clustering/dolphins.graph,dimacs2010,dimacs2010,0,,,,,
dimacs2010/clustering/email.graph,dimacs2010,dimacs2010,0,,,,,
dimacs2010/clustering/eu-2005.graph,dimacs2010,dimacs2010,0,,,,,
dimacs2010/clustering/football.graph,dimacs2010,dimacs2010,0,,,,,
dimacs2010/clustering/G_n_pin_pout.graph,dimacs2010,dimacs2010,0,,,,,
dimacs2010/clustering/hep-th.graph,dimacs2010,dimacs2010,0,,,,,
dimacs2010/clustering/in-2004.graph,dimacs2010,dimacs2010,0,,,,,
dimacs2010/clustering/jazz.graph,dimacs2010,dimacs2010,0,,,,,
dimacs2010/clustering/karate.graph,dimacs2010,dimacs2010,0,,,,,
dimacs2010/clustering/lesmis.graph,dimacs2010,dimacs2010,0,,,,,
dimacs2010/clustering/netscience.graph,dimacs2010,dimacs2010,0,,,,,
dimacs2010/clustering/PGPgiantcompo.graph,dimacs2010,dimacs2010,0,,,,,
dimacs2010/clustering/polblogs.graph,dimacs2010,dimacs2010,0,,,,,
dimacs2010/clustering/polbooks.graph,dimacs2010,dimacs2010,0,,,,,
dimacs2010/clustering/power.graph,dimacs2010,dimacs2010,0,,,,,
dimacs2010/clustering/preferentialAttachment.graph,dimacs2010,dimacs2010,0,,,,,
dimacs2010/clustering/road_central.graph,dimacs2010,dimacs2010,0,,,,,
dimacs2010/clustering/road_usa.graph,dimacs2010,dimacs2010,0,,,,,
dimacs2010/clustering/smallworld.graph,dimacs2010,dimacs2010,0,,,,,
dimacs2010/clustering/uk-2002.graph,dimacs2010,dimacs2010,0,,,,,
dimacs2010/clustering/uk-2007-05.graph.bz2,dimacs2010,dimacs2010,0,,,,,
dimacs2010/coauthor/citationCiteseer.graph.bz2,dimacs2010,dimacs2010,0,,,,,
dimacs2010/coauthor/citationCiteseer.graph,dimacs2010,dimacs2010,0,,,,,
dimacs2010/coauthor/coAuthorsCiteseer.graph.bz2,dimacs2010,dimacs2010,0,,,,,
dimacs2010/coauthor/coAuthorsCiteseer.graph,dimacs2010,dimacs2010,0,,,,,
dimacs2010/coauthor/coAuthorsDBLP.graph.bz2,dimacs2010,dimacs2010,0,,,,,
dimacs2010/coauthor/coAuthorsDBLP.graph,dimacs2010,dimacs2010,0,,,,,
dimacs2010/coauthor/coPapersCiteseer.graph.bz2,dimacs2010,dimacs2010,0,,,,,
dimacs2010/coauthor/coPapersCiteseer.graph,dimacs2010,dimacs2010,0,,,,,
dimacs2010/coauthor/coPapersDBLP.graph.bz2,dimacs2010,dimacs2010,0,,,,,
dimacs2010/coauthor/coPapersDBLP.graph,dimacs2010,dimacs2010,0,,,,,
dimacs2010/delaunay/delaunay_n10.graph,dimacs2010,dimacs2010,0,,,,,
dimacs2010/delaunay/delaunay_n11.graph,dimacs2010,dimacs2010,0,,,,,
dimacs2010/delaunay/delaunay_n12.graph,dimacs2010,dimacs2010,0,,,,,
dimacs2010/delaunay/delaunay_n13.graph,dimacs2010,dimacs2010,0,,,,,
dimacs2010/delaunay/delaunay_n14.graph,dimacs2010,dimacs2010,0,,,,,
dimacs2010/delaunay/delaunay_n15.graph,dimacs2010,dimacs2010,0,,,,,
dimacs2010/delaunay/delaunay_n16.graph,dimacs2010,dimacs2010,0,,,,,
dimacs2010/delaunay/delaunay_n17.graph,dimacs2010,dimacs2010,0,,,,,
dimacs2010/delaunay/delaunay_n18.graph,dimacs2010,dimacs2010,0,,,,,
dimacs2010/delaunay/delaunay_n19.graph,dimacs2010,dimacs2010,0,,,,,
dimacs2010/delaunay/delaunay_n20.graph,dimacs2010,dimacs2010,0,,,,,
dimacs2010/delaunay/delaunay_n21.graph,dimacs2010,dimacs2010,0,,,,,
dimacs2010/delaunay/delaunay_n22.graph,dimacs2010,dimacs2010,0,,,,,
dimacs2010/delaunay/delaunay_n23.graph,dimacs2010,dimacs2010,0,,,,,
dimacs2010/delaunay/delaunay_n24.graph,dimacs2010,dimacs2010,0,,,,,
dimacs2010/dyn-frames/hugebubbles-00000.graph,dimacs2010,dimacs2010,0,,,,,
dimacs2010/dyn-frames/hugebubbles-00010.graph,dimacs2010,dimacs2010,0,,,,,
dimacs2010/dyn-frames/hugebubbles-00020.graph,dimacs2010,dimacs2010,0,,,,,
dimacs2010/dyn-frames/hugetrace-00000.graph,dimacs2010,dimacs2010,0,,,,,
dimacs2010/dyn-frames/hugetrace-00010.graph,dimacs2010,dimacs2010,0,,,,,
dimacs2010/dyn-frames/hugetrace-00020.graph,dimacs2010,dimacs2010,0,,,,,
dimacs2010/dyn-frames/hugetric-00000.graph,dimacs2010,dimacs2010,0,,,,,
dimacs2010/dyn-frames/hugetric-00010.graph,dimacs2010,dimacs2010,0,,,,,
dimacs2010/dyn-frames/hugetric-00020.graph,dimacs2010,dimacs2010,0,,,,,
dimacs2010/er/er-fact1.5-scale20.graph,dimacs2010,dimacs2010,0,,,,,
dimacs2010/er/er-fact1.5-scale21.graph,dimacs2010,dimacs2010,0,,,,,
dimacs2010/er/er-fact1.5-scale22.graph,dimacs2010,dimacs2010,0,,,,,
dimacs2010/er/er-fact1.5-scale23.graph,dimacs2010,dimacs2010,0,,,,,
dimacs2010/er/er-fact1.5-scale24.graph,dimacs2010,dimacs2010,0,,,,,
dimacs2010/er/er-fact1.5-scale25.graph,dimacs2010,dimacs2010,0,,,,,
dimacs2010/er/er-fact1.5-scale26.graph,dimacs2010,dimacs2010,0,,,,,
dimacs2010/kronecker/kron_g500-simple-logn16.graph,dimacs2010,dimacs2010,0,,,,,
dimacs2010/kronecker/kron_g500-simple-logn17.graph,dimacs2010,dimacs2010,0,,,,,
dimacs2010/kronecker/kron_g500-simple-logn18.graph,dimacs2010,dimacs2010,0,,,,,
dimacs2010/kronecker/kron_g500-simple-logn19.graph,dimacs2010,dimacs2010,0,,,,,
dimacs2010/kronecker/kron_g500-simple-logn20.graph,dimacs2010,dimacs2010,0,,,,,
dimacs2010/kronecker/kron_g500-simple-logn21.graph,dimacs2010,dimacs2010,0,,,,,
dimacs2010/matrix/af_shell10.graph,dimacs2010,dimacs2010,0,,,,,
dimacs2010/matrix/af_shell9.graph,dimacs2010,dimacs2010,0,,,,,
dimacs2010/matrix/audikw1.graph,dimacs2010,dimacs2010,0,,,,,
dimacs2010/matrix/cage15.graph,dimacs2010,dimacs2010,0,,,,,
dimacs2010/matrix/ecology1.graph,dimacs2010,dimacs2010,0,,,,,
dimacs2010/matrix/ecology2.graph,dimacs2010,dimacs2010,0,,,,,
dimacs2010/matrix/G3_circuit.graph,dimacs2010,dimacs2010,0,,,,,
dimacs2010/matrix/kkt_power.graph,dimacs2010,dimacs2010,0,,,,,
dimacs2010/matrix/ldoor.graph,dimacs2010,dimacs2010,0,,,,,
dimacs2010/matrix/nlpkkt120.graph,dimacs2010,dimacs2010,0,,,,,
dimacs2010/matrix/nlpkkt160.graph,dimacs2010,dimacs2010,0,,,,,
dimacs2010/matrix/nlpkkt200.graph,dimacs2010,dimacs2010,0,,,,,
dimacs2010/matrix/nlpkkt240.graph,dimacs2010,dimacs2010,0,,,,,
dimacs2010/matrix/thermal2.graph,dimacs2010,dimacs2010,0,,,,,
dimacs2010/numerical/333SP.graph,dimacs2010,dimacs2010,0,,,,,
dimacs2010/numerical/adaptive.graph,dimacs2010,dimacs2010,0,,,,,
dimacs2010/numerical/AS365.graph,dimacs2010,dimacs2010,0,,,,,
dimacs2010/numerical/channel-500x100x100-b050.graph,dimacs2010,dimacs2010,0,,,,,
dimacs2010/numerical/M6.graph,dimacs2010,dimacs2010,0,,,,,
dimacs2010/numerical/NACA0015.graph,dimacs2010,dimacs2010,0,,,,,
dimacs2010/numerical/NLR.graph,dimacs2010,dimacs2010,0,,,,,
dimacs2010/numerical/packing-500x100x100-b050.graph,dimacs2010,dimacs2010,0,,,,,
dimacs2010/numerical/venturiLevel3.graph,dimacs2010,dimacs2010,0,,,,,
dimacs2010/random/rgg_n_2_15_s0.graph,dimacs2010,dimacs2010,0,,,,,
dimacs2010/random/rgg_n_2_16_s0.graph,dimacs2010,dimacs2010,0,,,,,
dimacs2010/random/rgg_n_2_17_s0.graph,dimacs2010,dimacs2010,0,,,,,
dimacs2010/random/rgg_n_2_18_s0.graph,dimacs2010,dimacs2010,0,,,,,
dimacs2010/random/rgg_n_2_19_s0.graph,dimacs2010,dimacs2010,0,,,,,
dimacs2010/random/rgg_n_2_20_s0.graph,dimacs2010,dimacs2010,0,,,,,
dimacs2010/random/rgg_n_2_21_s0.graph,dimacs2010,dimacs2010,0,,,,,
dimacs2010/random/rgg_n_2_22_s0.graph,dimacs2010,dimacs2010,0,,,,,
dimacs2010/random/rgg_n_2_23_s0.graph,dimacs2010,dimacs2010,0,,,,,
dimacs2010/random/rgg_n_2_24_s0.graph,dimacs2010,dimacs2010,0,,,,,
dimacs2010/star-mixtures/vsp_barth5_1Ksep_50in_5Kout.graph,dimacs2010,dimacs2010,0,,,,,
dimacs2010/star-mixtures/vsp_bcsstk30_500sep_10in_1Kout.graph,dimacs2010,dimacs2010,0,,,,,
dimacs2010/star-mixtures/vsp_befref_fxm_2_4_air02.graph,dimacs2010,dimacs2010,0,,,,,
dimacs2010/star-mixtures/vsp_bump2_e18_aa01_model1_crew1.graph,dimacs2010,dimacs2010,0,,,,,
dimacs2010/star-mixtures/vsp_c-30_data_data.graph,dimacs2010,dimacs2010,0,,,,,
dimacs2010/star-mixtures/vsp_c-60_data_cti_cs4.graph,dimacs2010,dimacs2010,0,,,,,
dimacs2010/star-mixtures/vsp_data_and_seymourl.graph,dimacs2010,dimacs2010,0,,,,,
dimacs2010/star-mixtures/vsp_finan512_scagr7-2c_rlfddd.graph,dimacs2010,dimacs2010,0,,,,,
dimacs2010/star-mixtures/vsp_mod2_pgp2_slptsk.graph,dimacs2010,dimacs2010,0,,,,,
dimacs2010/star-mixtures/vsp_model1_crew1_cr42_south31.graph,dimacs2010,dimacs2010,0,,,,,
dimacs2010/star-mixtures/vsp_msc10848_300sep_100in_1Kout.graph,dimacs2010,dimacs2010,0,,,,,
dimacs2010/star-mixtures/vsp_p0291_seymourl_iiasa.graph,dimacs2010,dimacs2010,0,,,,,
dimacs2010/star-mixtures/vsp_sctap1-2b_and_seymourl.graph,dimacs2010,dimacs2010,0,,,,,
dimacs2010/star-mixtures/vsp_south31_slptsk.graph,dimacs2010,dimacs2010,0,,,,,
dimacs2010/star-mixtures/vsp_vibrobox_scagr7-2c_rlfddd.graph,dimacs2010,dimacs2010,0,,,,,
dimacs2010/streets/asia.osm.graph,dimacs2010,dimacs2010,0,,,,,
dimacs2010/streets/belgium.osm.graph,dimacs2010,dimacs2010,0,,,,,
dimacs2010/streets/belgium.osm.graph,dimacs2010,dimacs2010,0,,,,,
dimacs2010/streets/europe.osm.graph,dimacs2010,dimacs2010,0,,,,,
dimacs2010/streets/germany.osm.graph,dimacs2010,dimacs2010,0,,,,,
dimacs2010/streets/great-britain.osm.graph,dimacs2010,dimacs2010,0,,,,,
dimacs2010/streets/italy.osm.graph,dimacs2010,dimacs2010,0,,,,,
dimacs2010/streets/luxembourg.osm.graph,dimacs2010,dimacs2010,0,,,,,
dimacs2010/streets/netherlands.osm.graph,dimacs2010,dimacs2010,0,,,,,
dimacs2010/task/1280000.gr,dimacs2010,dimacs2010,0,,,,,
dimacs2010/task/20000.gr,dimacs2010,dimacs2010,0,,,,,
dimacs2010/task/320000.gr,dimacs2010,dimacs2010,0,,,,,
dimacs2010/task/5120000.gr,dimacs2010,dimacs2010,0,,,,,
dimacs2010/task/80000.gr,dimacs2010,dimacs2010,0,,,,,
dimacs2010/walshaw/144.graph,chaco,dimacs2010,0,,,,,
dimacs2010/walshaw/3elt.graph,chaco,dimacs2010,0,,,,,
dimacs2010/walshaw/4elt.graph,chaco,dimacs2010,0,,,,,
dimacs2010/walshaw/598a.graph,chaco,dimacs2010,0,,,,,
dimacs2010/walshaw/add20.graph,chaco,dimacs2010,0,,,,,
dimacs2010/walshaw/add32.graph,chaco,dimacs2010,0,,,,,
dimacs2010/walshaw/auto.graph,chaco,dimacs2010,0,,,,,
dimacs2010/walshaw/bcsstk29.graph,chaco,dimacs2010,0,,,,,
dimacs2010/walshaw/bcsstk30.graph,chaco,dimacs2010,0,,,,,
dimacs2010/walshaw/bcsstk31.graph,chaco,dimacs2010,0,,,,,
dimacs2010/walshaw/bcsstk32.graph,chaco,dimacs2010,0,,,,,
dimacs2010/walshaw/bcsstk33.graph,chaco,dimacs2010,0,,,,,
dimacs2010/walshaw/brack2.graph,chaco,dimacs2010,0,,,,,
dimacs2010/walshaw/crack.graph,chaco,dimacs2010,0,,,,,
dimacs2010/walshaw/cs4.graph,chaco,dimacs2010,0,,,,,
dimacs2010/walshaw/cti.graph,chaco,dimacs2010,0,,,,,
dimacs2010/walshaw/data.graph,chaco,dimacs2010,0,,,,,
dimacs2010/walshaw/fe_4elt2.graph,chaco,dimacs2010,0,,,,,
dimacs2010/walshaw/fe_body.graph,chaco,dimacs2010,0,,,,,
dimacs2010/walshaw/fe_ocean.graph,chaco,dimacs2010,0,,,,,
dimacs2010/walshaw/fe_pwt.graph,chaco,dimacs2010,0,,,,,
dimacs2010/walshaw/fe_rotor.graph,chaco,dimacs2010,0,,,,,
dimacs2010/walshaw/fe_sphere.graph,chaco,dimacs2010,0,,,,,
dimacs2010/walshaw/fe_tooth.graph,chaco,dimacs2010,0,,,,,
dimacs2010/walshaw/finan512.graph,chaco,dimacs2010,0,,,,,
dimacs2010/walshaw/m14b.graph,chaco,dimacs2010,0,,,,,
dimacs2010/walshaw/memplus.graph,chaco,dimacs2010,0,,,,,
dimacs2010/walshaw/t60k.graph,chaco,dimacs2010,0,,,,,
dimacs2010/walshaw/uk.graph,chaco,dimacs2010,0,,,,,
dimacs2010/walshaw/vibrobox.graph,chaco,dimacs2010,0,,,,,
dimacs2010/walshaw/wave.graph,chaco,dimacs2010,0,,,,,
dimacs2010/walshaw/whitaker3.graph,chaco,dimacs2010,0,,,,,
dimacs2010/walshaw/wing.graph,chaco,dimacs2010,0,,,,,
dimacs2010/walshaw/wing_nodal.graph,chaco,dimacs2010,0,,,,,
mccreesh2017/DIMACS/weighted/brock200_1.clq,dimacs1992,mccreesh2017_dimacs1992,1,,,,,
mccreesh2017/DIMACS/weighted/brock200_2.clq,dimacs1992,mccreesh2017_dimacs1992,1,,,,,
mccreesh2017/DIMACS/weighted/brock200_3.clq,dimacs1992,mccreesh2017_dimacs1992,1,,,,,
mccreesh2017/DIMACS/weighted/brock200_4.clq,dimacs1992,mccreesh2017_dimacs1992,1,,,,,
mccreesh2017/DIMACS/weighted/brock400_1.clq,dimacs1992,mccreesh2017_dimacs1992,1,,,,,
mccreesh2017/DIMACS/weighted/brock400_2.clq,dimacs1992,mccreesh2017_dimacs1992,1,,,,,
mccreesh2017/DIMACS/weighted/brock400_3.clq,dimacs1992,mccreesh2017_dimacs1992,1,,,,,
mccreesh2017/DIMACS/weighted/brock400_4.clq,dimacs1992,mccreesh2017_dimacs1992,1,,,,,
mccreesh2017/DIMACS/weighted/brock800_1.clq,dimacs1992,mccreesh2017_dimacs1992,1,,,,,
mccreesh2017/DIMACS/weighted/brock800_2.clq,dimacs1992,mccreesh2017_dimacs1992,1,,,,,
mccreesh2017/DIMACS/weighted/brock800_3.clq,dimacs1992,mccreesh2017_dimacs1992,1,,,,,
mccreesh2017/DIMACS/weighted/brock800_4.clq,dimacs1992,mccreesh2017_dimacs1992,1,,,,,
mccreesh2017/DIMACS/weighted/C1000.9.clq,dimacs1992,mccreesh2017_dimacs1992,1,,,,,
mccreesh2017/DIMACS/weighted/C125.9.clq,dimacs1992,mccreesh2017_dimacs1992,1,,,,,
mccreesh2017/DIMACS/weighted/C2000.5.clq,dimacs1992,mccreesh2017_dimacs1992,1,,,,,
mccreesh2017/DIMACS/weighted/C2000.9.clq,dimacs1992,mccreesh2017_dimacs1992,1,,,,,
mccreesh2017/DIMACS/weighted/C250.9.clq,dimacs1992,mccreesh2017_dimacs1992,1,,,,,
mccreesh2017/DIMACS/weighted/C4000.5.clq,dimacs1992,mccreesh2017_dimacs1992,1,,,,,
mccreesh2017/DIMACS/weighted/C500.9.clq,dimacs1992,mccreesh2017_dimacs1992,1,,,,,
mccreesh2017/DIMACS/weighted/c-fat200-1.clq,dimacs1992,mccreesh2017_dimacs1992,1,,,,,
mccreesh2017/DIMACS/weighted/c-fat200-2.clq,dimacs1992,mccreesh2017_dimacs1992,1,,,,,
mccreesh2017/DIMACS/weighted/c-fat200-5.clq,dimacs1992,mccreesh2017_dimacs1992,1,,,,,
mccreesh2017/DIMACS/weighted/c-fat500-10.clq,dimacs1992,mccreesh2017_dimacs1992,1,,,,,
mccreesh2017/DIMACS/weighted/c-fat500-1.clq,dimacs1992,mccreesh2017_dimacs1992,1,,,,,
mccreesh2017/DIMACS/weighted/c-fat500-2.clq,dimacs1992,mccreesh2017_dimacs1992,1,,,,,
mccreesh2017/DIMACS/weighted/c-fat500-5.clq,dimacs1992,mccreesh2017_dimacs1992,1,,,,,
mccreesh2017/DIMACS/weighted/DSJC1000_5.clq,dimacs1992,mccreesh2017_dimacs1992,1,,,,,
mccreesh2017/DIMACS/weighted/DSJC500_5.clq,dimacs1992,mccreesh2017_dimacs1992,1,,,,,
mccreesh2017/DIMACS/weighted/gen200_p0.9_44.clq,dimacs1992,mccreesh2017_dimacs1992,1,,,,,
mccreesh2017/DIMACS/weighted/gen200_p0.9_55.clq,dimacs1992,mccreesh2017_dimacs1992,1,,,,,
mccreesh2017/DIMACS/weighted/gen400_p0.9_55.clq,dimacs1992,mccreesh2017_dimacs1992,1,,,,,
mccreesh2017/DIMACS/weighted/gen400_p0.9_65.clq,dimacs1992,mccreesh2017_dimacs1992,1,,,,,
mccreesh2017/DIMACS/weighted/gen400_p0.9_75.clq,dimacs1992,mccreesh2017_dimacs1992,1,,,,,
mccreesh2017/DIMACS/weighted/hamming10-2.clq,dimacs1992,mccreesh2017_dimacs1992,1,,,,,
mccreesh2017/DIMACS/weighted/hamming10-4.clq,dimacs1992,mccreesh2017_dimacs1992,1,,,,,
mccreesh2017/DIMACS/weighted/hamming6-2.clq,dimacs1992,mccreesh2017_dimacs1992,1,,,,,
mccreesh2017/DIMACS/weighted/hamming6-4.clq,dimacs1992,mccreesh2017_dimacs1992,1,,,,,
mccreesh2017/DIMACS/weighted/hamming8-2.clq,dimacs1992,mccreesh2017_dimacs1992,1,,,,,
mccreesh2017/DIMACS/weighted/hamming8-4.clq,dimacs1992,mccreesh2017_dimacs1992,1,,,,,
mccreesh2017/DIMACS/weighted/johnson16-2-4.clq,dimacs1992,mccreesh2017_dimacs1992,1,,,,,
mccreesh2017/DIMACS/weighted/johnson32-2-4.clq,dimacs1992,mccreesh2017_dimacs1992,1,,,,,
mccreesh2017/DIMACS/weighted/johnson8-2-4.clq,dimacs1992,mccreesh2017_dimacs1992,1,,,,,
mccreesh2017/DIMACS/weighted/johnson8-4-4.clq,dimacs1992,mccreesh2017_dimacs1992,1,,,,,
mccreesh2017/DIMACS/weighted/keller4.clq,dimacs1992,mccreesh2017_dimacs1992,1,,,,,
mccreesh2017/DIMACS/weighted/keller5.clq,dimacs1992,mccreesh2017_dimacs1992,1,,,,,
mccreesh2017/DIMACS/weighted/keller6.clq,dimacs1992,mccreesh2017_dimacs1992,1,,,,,
mccreesh2017/DIMACS/weighted/MANN_a27.clq,dimacs1992,mccreesh2017_dimacs1992,1,,,,,
mccreesh2017/DIMACS/weighted/MANN_a45.clq,dimacs1992,mccreesh2017_dimacs1992,1,,,,,
mccreesh2017/DIMACS/weighted/MANN_a81.clq,dimacs1992,mccreesh2017_dimacs1992,1,,,,,
mccreesh2017/DIMACS/weighted/MANN_a9.clq,dimacs1992,mccreesh2017_dimacs1992,1,,,,,
mccreesh2017/DIMACS/weighted/p_hat1000-1.clq,dimacs1992,mccreesh2017_dimacs1992,1,,,,,
mccreesh2017/DIMACS/weighted/p_hat1000-2.clq,dimacs1992,mccreesh2017_dimacs1992,1,,,,,
mccreesh2017/DIMACS/weighted/p_hat1000-3.clq,dimacs1992,mccreesh2017_dimacs1992,1,,,,,
mccreesh2017/DIMACS/weighted/p_hat1500-1.clq,dimacs1992,mccreesh2017_dimacs1992,1,,,,,
mccreesh2017/DIMACS/weighted/p_hat1500-2.clq,dimacs1992,mccreesh2017_dimacs1992,1,,,,,
mccreesh2017/DIMACS/weighted/p_hat1500-3.clq,dimacs1992,mccreesh2017_dimacs1992,1,,,,,
mccreesh2017/DIMACS/weighted/p_hat300-1.clq,dimacs1992,mccreesh2017_dimacs1992,1,,,,,
mccreesh2017/DIMACS/weighted/p_hat300-2.clq,dimacs1992,mccreesh2017_dimacs1992,1,,,,,
mccreesh2017/DIMACS/weighted/p_hat300-3.clq,dimacs1992,mccreesh2017_dimacs1992,1,,,,,
mccreesh2017/DIMACS/weighted/p_hat500-1.clq,dimacs1992,mccreesh2017_dimacs1992,1,,,,,
mccreesh2017/DIMACS/weighted/p_hat500-2.clq,dimacs1992,mccreesh2017_dimacs1992,1,,,,,
mccreesh2017/DIMACS/weighted/p_hat500-3.clq,dimacs1992,mccreesh2017_dimacs1992,1,,,,,
mccreesh2017/DIMACS/weighted/p_hat700-1.clq,dimacs1992,mccreesh2017_dimacs1992,1,,,,,
mccreesh2017/DIMACS/weighted/p_hat700-2.clq,dimacs1992,mccreesh2017_dimacs1992,1,,,,,
mccreesh2017/DIMACS/weighted/p_hat700-3.clq,dimacs1992,mccreesh2017_dimacs1992,1,,,,,
mccreesh2017/DIMACS/weighted-randomly-permuted/brock200_1.clq,dimacs1992,mccreesh2017_dimacs1992_rp,1,,,,,
mccreesh2017/DIMACS/weighted-randomly-permuted/brock200_2.clq,dimacs1992,mccreesh2017_dimacs1992_rp,1,,,,,
mccreesh2017/DIMACS/weighted-randomly-permuted/brock200_3.clq,dimacs1992,mccreesh2017_dimacs1992_rp,1,,,,,
mccreesh2017/DIMACS/weighted-randomly-permuted/brock200_4.clq,dimacs1992,mccreesh2017_dimacs1992_rp,1,,,,,
mccreesh2017/DIMACS/weighted-randomly-permuted/brock400_1.clq,dimacs1992,mccreesh2017_dimacs1992_rp,1,,,,,
mccreesh2017/DIMACS/weighted-randomly-permuted/brock400_2.clq,dimacs1992,mccreesh2017_dimacs1992_rp,1,,,,,
mccreesh2017/DIMACS/weighted-randomly-permuted/brock400_3.clq,dimacs1992,mccreesh2017_dimacs1992_rp,1,,,,,
mccreesh2017/DIMACS/weighted-randomly-permuted/brock400_4.clq,dimacs1992,mccreesh2017_dimacs1992_rp,1,,,,,
mccreesh2017/DIMACS/weighted-randomly-permuted/brock800_1.clq,dimacs1992,mccreesh2017_dimacs1992_rp,1,,,,,
mccreesh2017/DIMACS/weighted-randomly-permuted/brock800_2.clq,dimacs1992,mccreesh2017_dimacs1992_rp,1,,,,,
mccreesh2017/DIMACS/weighted-randomly-permuted/brock800_3.clq,dimacs1992,mccreesh2017_dimacs1992_rp,1,,,,,
mccreesh2017/DIMACS/weighted-randomly-permuted/brock800_4.clq,dimacs1992,mccreesh2017_dimacs1992_rp,1,,,,,
mccreesh2017/DIMACS/weighted-randomly-permuted/C1000.9.clq,dimacs1992,mccreesh2017_dimacs1992_rp,1,,,,,
mccreesh2017/DIMACS/weighted-randomly-permuted/C125.9.clq,dimacs1992,mccreesh2017_dimacs1992_rp,1,,,,,
mccreesh2017/DIMACS/weighted-randomly-permuted/C2000.5.clq,dimacs1992,mccreesh2017_dimacs1992_rp,1,,,,,
mccreesh2017/DIMACS/weighted-randomly-permuted/C2000.9.clq,dimacs1992,mccreesh2017_dimacs1992_rp,1,,,,,
mccreesh2017/DIMACS/weighted-randomly-permuted/C250.9.clq,dimacs1992,mccreesh2017_dimacs1992_rp,1,,,,,
mccreesh2017/DIMACS/weighted-randomly-permuted/C4000.5.clq,dimacs1992,mccreesh2017_dimacs1992_rp,1,,,,,
mccreesh2017/DIMACS/weighted-randomly-permuted/C500.9.clq,dimacs1992,mccreesh2017_dimacs1992_rp,1,,,,,
mccreesh2017/DIMACS/weighted-randomly-permuted/c-fat200-1.clq,dimacs1992,mccreesh2017_dimacs1992_rp,1,,,,,
mccreesh2017/DIMACS/weighted-randomly-permuted/c-fat200-2.clq,dimacs1992,mccreesh2017_dimacs1992_rp,1,,,,,
mccreesh2017/DIMACS/weighted-randomly-permuted/c-fat200-5.clq,dimacs1992,mccreesh2017_dimacs1992_rp,1,,,,,
mccreesh2017/DIMACS/weighted-randomly-permuted/c-fat500-10.clq,dimacs1992,mccreesh2017_dimacs1992_rp,1,,,,,
mccreesh2017/DIMACS/weighted-randomly-permuted/c-fat500-1.clq,dimacs1992,mccreesh2017_dimacs1992_rp,1,,,,,
mccreesh2017/DIMACS/weighted-randomly-permuted/c-fat500-2.clq,dimacs1992,mccreesh2017_dimacs1992_rp,1,,,,,
mccreesh2017/DIMACS/weighted-randomly-permuted/c-fat500-5.clq,dimacs1992,mccreesh2017_dimacs1992_rp,1,,,,,
mccreesh2017/DIMACS/weighted-randomly-permuted/DSJC1000_5.clq,dimacs1992,mccreesh2017_dimacs1992_rp,1,,,,,
mccreesh2017/DIMACS/weighted-randomly-permuted/DSJC500_5.clq,dimacs1992,mccreesh2017_dimacs1992_rp,1,,,,,
mccreesh2017/DIMACS/weighted-randomly-permuted/gen200_p0.9_44.clq,dimacs1992,mccreesh2017_dimacs1992_rp,1,,,,,
mccreesh2017/DIMACS/weighted-randomly-permuted/gen200_p0.9_55.clq,dimacs1992,mccreesh2017_dimacs1992_rp,1,,,,,
mccreesh2017/DIMACS/weighted-randomly-permuted/gen400_p0.9_55.clq,dimacs1992,mccreesh2017_dimacs1992_rp,1,,,,,
mccreesh2017/DIMACS/weighted-randomly-permuted/gen400_p0.9_65.clq,dimacs1992,mccreesh2017_dimacs1992_rp,1,,,,,
mccreesh2017/DIMACS/weighted-randomly-permuted/gen400_p0.9_75.clq,dimacs1992,mccreesh2017_dimacs1992_rp,1,,,,,
mccreesh2017/DIMACS/weighted-randomly-permuted/hamming10-2.clq,dimacs1992,mccreesh2017_dimacs1992_rp,1,,,,,
mccreesh2017/DIMACS/weighted-randomly-permuted/hamming10-4.clq,dimacs1992,mccreesh2017_dimacs1992_rp,1,,,,,
mccreesh2017/DIMACS/weighted-randomly-permuted/hamming6-2.clq,dimacs1992,mccreesh2017_dimacs1992_rp,1,,,,,
mccreesh2017/DIMACS/weighted-randomly-permuted/hamming6-4.clq,dimacs1992,mccreesh2017_dimacs1992_rp,1,,,,,
mccreesh2017/DIMACS/weighted-randomly-permuted/hamming8-2.clq,dimacs1992,mccreesh2017_dimacs1992_rp,1,,,,,
mccreesh2017/DIMACS/weighted-randomly-permuted/hamming8-4.clq,dimacs1992,mccreesh2017_dimacs1992_rp,1,,,,,
mccreesh2017/DIMACS/weighted-randomly-permuted/johnson16-2-4.clq,dimacs1992,mccreesh2017_dimacs1992_rp,1,,,,,
mccreesh2017/DIMACS/weighted-randomly-permuted/johnson32-2-4.clq,dimacs1992,mccreesh2017_dimacs1992_rp,1,,,,,
mccreesh2017/DIMACS/weighted-randomly-permuted/johnson8-2-4.clq,dimacs1992,mccreesh2017_dimacs1992_rp,1,,,,,
mccreesh2017/DIMACS/weighted-randomly-permuted/johnson8-4-4.clq,dimacs1992,mccreesh2017_dimacs1992_rp,1,,,,,
mccreesh2017/DIMACS/weighted-randomly-permuted/keller4.clq,dimacs1992,mccreesh2017_dimacs1992_rp,1,,,,,
mccreesh2017/DIMACS/weighted-randomly-permuted/keller5.clq,dimacs1992,mccreesh2017_dimacs1992_rp,1,,,,,
mccreesh2017/DIMACS/weighted-randomly-permuted/keller6.clq,dimacs1992,mccreesh2017_dimacs1992_rp,1,,,,,
mccreesh2017/DIMACS/weighted-randomly-permuted/MANN_a27.clq,dimacs1992,mccreesh2017_dimacs1992_rp,1,,,,,
mccreesh2017/DIMACS/weighted-randomly-permuted/MANN_a45.clq,dimacs1992,mccreesh2017_dimacs1992_rp,1,,,,,
mccreesh2017/DIMACS/weighted-randomly-permuted/MANN_a81.clq,dimacs1992,mccreesh2017_dimacs1992_rp,1,,,,,
mccreesh2017/DIMACS/weighted-randomly-permuted/MANN_a9.clq,dimacs1992,mccreesh2017_dimacs1992_rp,1,,,,,
mccreesh2017/DIMACS/weighted-randomly-permuted/p_hat1000-1.clq,dimacs1992,mccreesh2017_dimacs1992_rp,1,,,,,
mccreesh2017/DIMACS/weighted-randomly-permuted/p_hat1000-2.clq,dimacs1992,mccreesh2017_dimacs1992_rp,1,,,,,
mccreesh2017/DIMACS/weighted-randomly-permuted/p_hat1000-3.clq,dimacs1992,mccreesh2017_dimacs1992_rp,1,,,,,
mccreesh2017/DIMACS/weighted-randomly-permuted/p_hat1500-1.clq,dimacs1992,mccreesh2017_dimacs1992_rp,1,,,,,
mccreesh2017/DIMACS/weighted-randomly-permuted/p_hat1500-2.clq,dimacs1992,mccreesh2017_dimacs1992_rp,1,,,,,
mccreesh2017/DIMACS/weighted-randomly-permuted/p_hat1500-3.clq,dimacs1992,mccreesh2017_dimacs1992_rp,1,,,,,
mccreesh2017/DIMACS/weighted-randomly-permuted/p_hat300-1.clq,dimacs1992,mccreesh2017_dimacs1992_rp,1,,,,,
mccreesh2017/DIMACS/weighted-randomly-permuted/p_hat300-2.clq,dimacs1992,mccreesh2017_dimacs1992_rp,1,,,,,
mccreesh2017/DIMACS/weighted-randomly-permuted/p_hat300-3.clq,dimacs1992,mccreesh2017_dimacs1992_rp,1,,,,,
mccreesh2017/DIMACS/weighted-randomly-permuted/p_hat500-1.clq,dimacs1992,mccreesh2017_dimacs1992_rp,1,,,,,
mccreesh2017/DIMACS/weighted-randomly-permuted/p_hat500-2.clq,dimacs1992,mccreesh2017_dimacs1992_rp,1,,,,,
mccreesh2017/DIMACS/weighted-randomly-permuted/p_hat500-3.clq,dimacs1992,mccreesh2017_dimacs1992_rp,1,,,,,
mccreesh2017/DIMACS/weighted-randomly-permuted/p_hat700-1.clq,dimacs1992,mccreesh2017_dimacs1992_rp,1,,,,,
mccreesh2017/DIMACS/weighted-randomly-permuted/p_hat700-2.clq,dimacs1992,mccreesh2017_dimacs1992_rp,1,,,,,
mccreesh2017/DIMACS/weighted-randomly-permuted/p_hat700-3.clq,dimacs1992,mccreesh2017_dimacs1992_rp,1,,,,,
mccreesh2017/DIMACS/weighted-randomly-permuted/san1000.clq,dimacs1992,mccreesh2017_dimacs1992_rp,1,,,,,
mccreesh2017/DIMACS/weighted-randomly-permuted/san200_0.7_1.clq,dimacs1992,mccreesh2017_dimacs1992_rp,1,,,,,
mccreesh2017/DIMACS/weighted-randomly-permuted/san200_0.7_2.clq,dimacs1992,mccreesh2017_dimacs1992_rp,1,,,,,
mccreesh2017/DIMACS/weighted-randomly-permuted/san200_0.9_1.clq,dimacs1992,mccreesh2017_dimacs1992_rp,1,,,,,
mccreesh2017/DIMACS/weighted-randomly-permuted/san200_0.9_2.clq,dimacs1992,mccreesh2017_dimacs1992_rp,1,,,,,
mccreesh2017/DIMACS/weighted-randomly-permuted/san200_0.9_3.clq,dimacs1992,mccreesh2017_dimacs1992_rp,1,,,,,
mccreesh2017/DIMACS/weighted-randomly-permuted/san400_0.5_1.clq,dimacs1992,mccreesh2017_dimacs1992_rp,1,,,,,
mccreesh2017/DIMACS/weighted-randomly-permuted/san400_0.7_1.clq,dimacs1992,mccreesh2017_dimacs1992_rp,1,,,,,
mccreesh2017/DIMACS/weighted-randomly-permuted/san400_0.7_2.clq,dimacs1992,mccreesh2017_dimacs1992_rp,1,,,,,
mccreesh2017/DIMACS/weighted-randomly-permuted/san400_0.7_3.clq,dimacs1992,mccreesh2017_dimacs1992_rp,1,,,,,
mccreesh2017/DIMACS/weighted-randomly-permuted/san400_0.9_1.clq,dimacs1992,mccreesh2017_dimacs1992_rp,1,,,,,
mccreesh2017/DIMACS/weighted-randomly-permuted/sanr200_0.7.clq,dimacs1992,mccreesh2017_dimacs1992_rp,1,,,,,
mccreesh2017/DIMACS/weighted-randomly-permuted/sanr200_0.9.clq,dimacs1992,mccreesh2017_dimacs1992_rp,1,,,,,
mccreesh2017/DIMACS/weighted-randomly-permuted/sanr400_0.5.clq,dimacs1992,mccreesh2017_dimacs1992_rp,1,,,,,
mccreesh2017/DIMACS/weighted-randomly-permuted/sanr400_0.7.clq,dimacs1992,mccreesh2017_dimacs1992_rp,1,,,,,
mccreesh2017/DIMACS/weighted/san1000.clq,dimacs1992,mccreesh2017_dimacs1992,1,,,,,
mccreesh2017/DIMACS/weighted/san200_0.7_1.clq,dimacs1992,mccreesh2017_dimacs1992,1,,,,,
mccreesh2017/DIMACS/weighted/san200_0.7_2.clq,dimacs1992,mccreesh2017_dimacs1992,1,,,,,
mccreesh2017/DIMACS/weighted/san200_0.9_1.clq,dimacs1992,mccreesh2017_dimacs1992,1,,,,,
mccreesh2017/DIMACS/weighted/san200_0.9_2.clq,dimacs1992,mccreesh2017_dimacs1992,1,,,,,
mccreesh2017/DIMACS/weighted/san200_0.9_3.clq,dimacs1992,mccreesh2017_dimacs1992,1,,,,,
mccreesh2017/DIMACS/weighted/san400_0.5_1.clq,dimacs1992,mccreesh2017_dimacs1992,1,,,,,
mccreesh2017/DIMACS/weighted/san400_0.7_1.clq,dimacs1992,mccreesh2017_dimacs1992,1,,,,,
mccreesh2017/DIMACS/weighted/san400_0.7_2.clq,dimacs1992,mccreesh2017_dimacs1992,1,,,,,
mccreesh2017/DIMACS/weighted/san400_0.7_3.clq,dimacs1992,mccreesh2017_dimacs1992,1,,,,,
mccreesh2017/DIMACS/weighted/san400_0.9_1.clq,dimacs1992,mccreesh2017_dimacs1992,1,,,,,
mccreesh2017/DIMACS/weighted/sanr200_0.7.clq,dimacs1992,mccreesh2017_dimacs1992,1,,,,,
mccreesh2017/DIMACS/weighted/sanr200_0.9.clq,dimacs1992,mccreesh2017_dimacs1992,1,,,,,
mccreesh2017/DIMACS/weighted/sanr400_0.5.clq,dimacs1992,mccreesh2017_dimacs1992,1,,,,,
mccreesh2017/DIMACS/weighted/sanr400_0.7.clq,dimacs1992,mccreesh2017_dimacs1992,1,,,,,
mccreesh2017/error-correcting-codes/instances-randomly-permuted/01-11-4-4.wclq,dimacs1992,mccreesh2017_errorcorrectingcodes_rp,1,,,,,
mccreesh2017/error-correcting-codes/instances-randomly-permuted/02-12-4-6.wclq,dimacs1992,mccreesh2017_errorcorrectingcodes_rp,1,,,,,
mccreesh2017/error-correcting-codes/instances-randomly-permuted/03-14-4-7.wclq,dimacs1992,mccreesh2017_errorcorrectingcodes_rp,1,,,,,
mccreesh2017/error-correcting-codes/instances-randomly-permuted/04-14-6-6.wclq,dimacs1992,mccreesh2017_errorcorrectingcodes_rp,1,,,,,
mccreesh2017/error-correcting-codes/instances-randomly-permuted/05-16-4-5.wclq,dimacs1992,mccreesh2017_errorcorrectingcodes_rp,1,,,,,
mccreesh2017/error-correcting-codes/instances-randomly-permuted/06-16-8-8.wclq,dimacs1992,mccreesh2017_errorcorrectingcodes_rp,1,,,,,
mccreesh2017/error-correcting-codes/instances-randomly-permuted/07-17-4-4.wclq,dimacs1992,mccreesh2017_errorcorrectingcodes_rp,1,,,,,
mccreesh2017/error-correcting-codes/instances-randomly-permuted/08-17-6-6.wclq,dimacs1992,mccreesh2017_errorcorrectingcodes_rp,1,,,,,
mccreesh2017/error-correcting-codes/instances-randomly-permuted/09-19-4-6.wclq,dimacs1992,mccreesh2017_errorcorrectingcodes_rp,1,,,,,
mccreesh2017/error-correcting-codes/instances-randomly-permuted/10-19-8-8.wclq,dimacs1992,mccreesh2017_errorcorrectingcodes_rp,1,,,,,
mccreesh2017/error-correcting-codes/instances-randomly-permuted/11-20-6-5.wclq,dimacs1992,mccreesh2017_errorcorrectingcodes_rp,1,,,,,
mccreesh2017/error-correcting-codes/instances-randomly-permuted/12-20-6-6.wclq,dimacs1992,mccreesh2017_errorcorrectingcodes_rp,1,,,,,
mccreesh2017/error-correcting-codes/instances-randomly-permuted/13-20-8-10.wclq,dimacs1992,mccreesh2017_errorcorrectingcodes_rp,1,,,,,
mccreesh2017/error-correcting-codes/instances-randomly-permuted/14-21-10-9.wclq,dimacs1992,mccreesh2017_errorcorrectingcodes_rp,1,,,,,
mccreesh2017/error-correcting-codes/instances-randomly-permuted/15-22-10-10.wclq,dimacs1992,mccreesh2017_errorcorrectingcodes_rp,1,,,,,
mccreesh2017/kidney-exchange/kidney_larger_mwc-randomly-permuted/101.wclq,dimacs1992,mccreesh2017_kidneyexchange_larger_rp,1,,,,,
mccreesh2017/kidney-exchange/kidney_larger_mwc-randomly-permuted/102.wclq,dimacs1992,mccreesh2017_kidneyexchange_larger_rp,1,,,,,
mccreesh2017/kidney-exchange/kidney_larger_mwc-randomly-permuted/103.wclq,dimacs1992,mccreesh2017_kidneyexchange_larger_rp,1,,,,,
mccreesh2017/kidney-exchange/kidney_larger_mwc-randomly-permuted/104.wclq,dimacs1992,mccreesh2017_kidneyexchange_larger_rp,1,,,,,
mccreesh2017/kidney-exchange/kidney_larger_mwc-randomly-permuted/105.wclq,dimacs1992,mccreesh2017_kidneyexchange_larger_rp,1,,,,,
mccreesh2017/kidney-exchange/kidney_larger_mwc-randomly-permuted/106.wclq,dimacs1992,mccreesh2017_kidneyexchange_larger_rp,1,,,,,
mccreesh2017/kidney-exchange/kidney_larger_mwc-randomly-permuted/107.wclq,dimacs1992,mccreesh2017_kidneyexchange_larger_rp,1,,,,,
mccreesh2017/kidney-exchange/kidney_larger_mwc-randomly-permuted/108.wclq,dimacs1992,mccreesh2017_kidneyexchange_larger_rp,1,,,,,
mccreesh2017/kidney-exchange/kidney_larger_mwc-randomly-permuted/109.wclq,dimacs1992,mccreesh2017_kidneyexchange_larger_rp,1,,,,,
mccreesh2017/kidney-exchange/kidney_larger_mwc-randomly-permuted/110.wclq,dimacs1992,mccreesh2017_kidneyexchange_larger_rp,1,,,,,
mccreesh2017/kidney-exchange/kidney_larger_mwc-randomly-permuted/111.wclq,dimacs1992,mccreesh2017_kidneyexchange_larger_rp,1,,,,,
mccreesh2017/kidney-exchange/kidney_larger_mwc-randomly-permuted/112.wclq,dimacs1992,mccreesh2017_kidneyexchange_larger_rp,1,,,,,
mccreesh2017/kidney-exchange/kidney_larger_mwc-randomly-permuted/113.wclq,dimacs1992,mccreesh2017_kidneyexchange_larger_rp,1,,,,,
mccreesh2017/kidney-exchange/kidney_larger_mwc-randomly-permuted/114.wclq,dimacs1992,mccreesh2017_kidneyexchange_larger_rp,1,,,,,
mccreesh2017/kidney-exchange/kidney_larger_mwc-randomly-permuted/115.wclq,dimacs1992,mccreesh2017_kidneyexchange_larger_rp,1,,,,,
mccreesh2017/kidney-exchange/kidney_larger_mwc-randomly-permuted/116.wclq,dimacs1992,mccreesh2017_kidneyexchange_larger_rp,1,,,,,
mccreesh2017/kidney-exchange/kidney_larger_mwc-randomly-permuted/117.wclq,dimacs1992,mccreesh2017_kidneyexchange_larger_rp,1,,,,,
mccreesh2017/kidney-exchange/kidney_larger_mwc-randomly-permuted/118.wclq,dimacs1992,mccreesh2017_kidneyexchange_larger_rp,1,,,,,
mccreesh2017/kidney-exchange/kidney_larger_mwc-randomly-permuted/119.wclq,dimacs1992,mccreesh2017_kidneyexchange_larger_rp,1,,,,,
mccreesh2017/kidney-exchange/kidney_larger_mwc-randomly-permuted/120.wclq,dimacs1992,mccreesh2017_kidneyexchange_larger_rp,1,,,,,
mccreesh2017/kidney-exchange/kidney_mwc/001.wclq,dimacs1992,mccreesh2017_kidneyexchange,1,,,,,
mccreesh2017/kidney-exchange/kidney_mwc/002.wclq,dimacs1992,mccreesh2017_kidneyexchange,1,,,,,
mccreesh2017/kidney-exchange/kidney_mwc/003.wclq,dimacs1992,mccreesh2017_kidneyexchange,1,,,,,
mccreesh2017/kidney-exchange/kidney_mwc/004.wclq,dimacs1992,mccreesh2017_kidneyexchange,1,,,,,
mccreesh2017/kidney-exchange/kidney_mwc/005.wclq,dimacs1992,mccreesh2017_kidneyexchange,1,,,,,
mccreesh2017/kidney-exchange/kidney_mwc/006.wclq,dimacs1992,mccreesh2017_kidneyexchange,1,,,,,
mccreesh2017/kidney-exchange/kidney_mwc/007.wclq,dimacs1992,mccreesh2017_kidneyexchange,1,,,,,
mccreesh2017/kidney-exchange/kidney_mwc/008.wclq,dimacs1992,mccreesh2017_kidneyexchange,1,,,,,
mccreesh2017/kidney-exchange/kidney_mwc/009.wclq,dimacs1992,mccreesh2017_kidneyexchange,1,,,,,
mccreesh2017/kidney-exchange/kidney_mwc/010.wclq,dimacs1992,mccreesh2017_kidneyexchange,1,,,,,
mccreesh2017/kidney-exchange/kidney_mwc/011.wclq,dimacs1992,mccreesh2017_kidneyexchange,1,,,,,
mccreesh2017/kidney-exchange/kidney_mwc/012.wclq,dimacs1992,mccreesh2017_kidneyexchange,1,,,,,
mccreesh2017/kidney-exchange/kidney_mwc/013.wclq,dimacs1992,mccreesh2017_kidneyexchange,1,,,,,
mccreesh2017/kidney-exchange/kidney_mwc/014.wclq,dimacs1992,mccreesh2017_kidneyexchange,1,,,,,
mccreesh2017/kidney-exchange/kidney_mwc/015.wclq,dimacs1992,mccreesh2017_kidneyexchange,1,,,,,
mccreesh2017/kidney-exchange/kidney_mwc/016.wclq,dimacs1992,mccreesh2017_kidneyexchange,1,,,,,
mccreesh2017/kidney-exchange/kidney_mwc/017.wclq,dimacs1992,mccreesh2017_kidneyexchange,1,,,,,
mccreesh2017/kidney-exchange/kidney_mwc/018.wclq,dimacs1992,mccreesh2017_kidneyexchange,1,,,,,
mccreesh2017/kidney-exchange/kidney_mwc/019.wclq,dimacs1992,mccreesh2017_kidneyexchange,1,,,,,
mccreesh2017/kidney-exchange/kidney_mwc/020.wclq,dimacs1992,mccreesh2017_kidneyexchange,1,,,,,
mccreesh2017/kidney-exchange/kidney_mwc/021.wclq,dimacs1992,mccreesh2017_kidneyexchange,1,,,,,
mccreesh2017/kidney-exchange/kidney_mwc/022.wclq,dimacs1992,mccreesh2017_kidneyexchange,1,,,,,
mccreesh2017/kidney-exchange/kidney_mwc/023.wclq,dimacs1992,mccreesh2017_kidneyexchange,1,,,,,
mccreesh2017/kidney-exchange/kidney_mwc/024.wclq,dimacs1992,mccreesh2017_kidneyexchange,1,,,,,
mccreesh2017/kidney-exchange/kidney_mwc/025.wclq,dimacs1992,mccreesh2017_kidneyexchange,1,,,,,
mccreesh2017/kidney-exchange/kidney_mwc/026.wclq,dimacs1992,mccreesh2017_kidneyexchange,1,,,,,
mccreesh2017/kidney-exchange/kidney_mwc/027.wclq,dimacs1992,mccreesh2017_kidneyexchange,1,,,,,
mccreesh2017/kidney-exchange/kidney_mwc/028.wclq,dimacs1992,mccreesh2017_kidneyexchange,1,,,,,
mccreesh2017/kidney-exchange/kidney_mwc/029.wclq,dimacs1992,mccreesh2017_kidneyexchange,1,,,,,
mccreesh2017/kidney-exchange/kidney_mwc/030.wclq,dimacs1992,mccreesh2017_kidneyexchange,1,,,,,
mccreesh2017/kidney-exchange/kidney_mwc/031.wclq,dimacs1992,mccreesh2017_kidneyexchange,1,,,,,
mccreesh2017/kidney-exchange/kidney_mwc/032.wclq,dimacs1992,mccreesh2017_kidneyexchange,1,,,,,
mccreesh2017/kidney-exchange/kidney_mwc/033.wclq,dimacs1992,mccreesh2017_kidneyexchange,1,,,,,
mccreesh2017/kidney-exchange/kidney_mwc/034.wclq,dimacs1992,mccreesh2017_kidneyexchange,1,,,,,
mccreesh2017/kidney-exchange/kidney_mwc/035.wclq,dimacs1992,mccreesh2017_kidneyexchange,1,,,,,
mccreesh2017/kidney-exchange/kidney_mwc/036.wclq,dimacs1992,mccreesh2017_kidneyexchange,1,,,,,
mccreesh2017/kidney-exchange/kidney_mwc/037.wclq,dimacs1992,mccreesh2017_kidneyexchange,1,,,,,
mccreesh2017/kidney-exchange/kidney_mwc/038.wclq,dimacs1992,mccreesh2017_kidneyexchange,1,,,,,
mccreesh2017/kidney-exchange/kidney_mwc/039.wclq,dimacs1992,mccreesh2017_kidneyexchange,1,,,,,
mccreesh2017/kidney-exchange/kidney_mwc/040.wclq,dimacs1992,mccreesh2017_kidneyexchange,1,,,,,
mccreesh2017/kidney-exchange/kidney_mwc/041.wclq,dimacs1992,mccreesh2017_kidneyexchange,1,,,,,
mccreesh2017/kidney-exchange/kidney_mwc/042.wclq,dimacs1992,mccreesh2017_kidneyexchange,1,,,,,
mccreesh2017/kidney-exchange/kidney_mwc/043.wclq,dimacs1992,mccreesh2017_kidneyexchange,1,,,,,
mccreesh2017/kidney-exchange/kidney_mwc/044.wclq,dimacs1992,mccreesh2017_kidneyexchange,1,,,,,
mccreesh2017/kidney-exchange/kidney_mwc/045.wclq,dimacs1992,mccreesh2017_kidneyexchange,1,,,,,
mccreesh2017/kidney-exchange/kidney_mwc/046.wclq,dimacs1992,mccreesh2017_kidneyexchange,1,,,,,
mccreesh2017/kidney-exchange/kidney_mwc/047.wclq,dimacs1992,mccreesh2017_kidneyexchange,1,,,,,
mccreesh2017/kidney-exchange/kidney_mwc/048.wclq,dimacs1992,mccreesh2017_kidneyexchange,1,,,,,
mccreesh2017/kidney-exchange/kidney_mwc/049.wclq,dimacs1992,mccreesh2017_kidneyexchange,1,,,,,
mccreesh2017/kidney-exchange/kidney_mwc/050.wclq,dimacs1992,mccreesh2017_kidneyexchange,1,,,,,
mccreesh2017/kidney-exchange/kidney_mwc/051.wclq,dimacs1992,mccreesh2017_kidneyexchange,1,,,,,
mccreesh2017/kidney-exchange/kidney_mwc/052.wclq,dimacs1992,mccreesh2017_kidneyexchange,1,,,,,
mccreesh2017/kidney-exchange/kidney_mwc/053.wclq,dimacs1992,mccreesh2017_kidneyexchange,1,,,,,
mccreesh2017/kidney-exchange/kidney_mwc/054.wclq,dimacs1992,mccreesh2017_kidneyexchange,1,,,,,
mccreesh2017/kidney-exchange/kidney_mwc/055.wclq,dimacs1992,mccreesh2017_kidneyexchange,1,,,,,
mccreesh2017/kidney-exchange/kidney_mwc/056.wclq,dimacs1992,mccreesh2017_kidneyexchange,1,,,,,
mccreesh2017/kidney-exchange/kidney_mwc/057.wclq,dimacs1992,mccreesh2017_kidneyexchange,1,,,,,
mccreesh2017/kidney-exchange/kidney_mwc/058.wclq,dimacs1992,mccreesh2017_kidneyexchange,1,,,,,
mccreesh2017/kidney-exchange/kidney_mwc/059.wclq,dimacs1992,mccreesh2017_kidneyexchange,1,,,,,
mccreesh2017/kidney-exchange/kidney_mwc/060.wclq,dimacs1992,mccreesh2017_kidneyexchange,1,,,,,
mccreesh2017/kidney-exchange/kidney_mwc/061.wclq,dimacs1992,mccreesh2017_kidneyexchange,1,,,,,
mccreesh2017/kidney-exchange/kidney_mwc/062.wclq,dimacs1992,mccreesh2017_kidneyexchange,1,,,,,
mccreesh2017/kidney-exchange/kidney_mwc/063.wclq,dimacs1992,mccreesh2017_kidneyexchange,1,,,,,
mccreesh2017/kidney-exchange/kidney_mwc/064.wclq,dimacs1992,mccreesh2017_kidneyexchange,1,,,,,
mccreesh2017/kidney-exchange/kidney_mwc/065.wclq,dimacs1992,mccreesh2017_kidneyexchange,1,,,,,
mccreesh2017/kidney-exchange/kidney_mwc/066.wclq,dimacs1992,mccreesh2017_kidneyexchange,1,,,,,
mccreesh2017/kidney-exchange/kidney_mwc/067.wclq,dimacs1992,mccreesh2017_kidneyexchange,1,,,,,
mccreesh2017/kidney-exchange/kidney_mwc/068.wclq,dimacs1992,mccreesh2017_kidneyexchange,1,,,,,
mccreesh2017/kidney-exchange/kidney_mwc/069.wclq,dimacs1992,mccreesh2017_kidneyexchange,1,,,,,
mccreesh2017/kidney-exchange/kidney_mwc/070.wclq,dimacs1992,mccreesh2017_kidneyexchange,1,,,,,
mccreesh2017/kidney-exchange/kidney_mwc/071.wclq,dimacs1992,mccreesh2017_kidneyexchange,1,,,,,
mccreesh2017/kidney-exchange/kidney_mwc/072.wclq,dimacs1992,mccreesh2017_kidneyexchange,1,,,,,
mccreesh2017/kidney-exchange/kidney_mwc/073.wclq,dimacs1992,mccreesh2017_kidneyexchange,1,,,,,
mccreesh2017/kidney-exchange/kidney_mwc/074.wclq,dimacs1992,mccreesh2017_kidneyexchange,1,,,,,
mccreesh2017/kidney-exchange/kidney_mwc/075.wclq,dimacs1992,mccreesh2017_kidneyexchange,1,,,,,
mccreesh2017/kidney-exchange/kidney_mwc/076.wclq,dimacs1992,mccreesh2017_kidneyexchange,1,,,,,
mccreesh2017/kidney-exchange/kidney_mwc/077.wclq,dimacs1992,mccreesh2017_kidneyexchange,1,,,,,
mccreesh2017/kidney-exchange/kidney_mwc/078.wclq,dimacs1992,mccreesh2017_kidneyexchange,1,,,,,
mccreesh2017/kidney-exchange/kidney_mwc/079.wclq,dimacs1992,mccreesh2017_kidneyexchange,1,,,,,
mccreesh2017/kidney-exchange/kidney_mwc/080.wclq,dimacs1992,mccreesh2017_kidneyexchange,1,,,,,
mccreesh2017/kidney-exchange/kidney_mwc/081.wclq,dimacs1992,mccreesh2017_kidneyexchange,1,,,,,
mccreesh2017/kidney-exchange/kidney_mwc/082.wclq,dimacs1992,mccreesh2017_kidneyexchange,1,,,,,
mccreesh2017/kidney-exchange/kidney_mwc/083.wclq,dimacs1992,mccreesh2017_kidneyexchange,1,,,,,
mccreesh2017/kidney-exchange/kidney_mwc/084.wclq,dimacs1992,mccreesh2017_kidneyexchange,1,,,,,
mccreesh2017/kidney-exchange/kidney_mwc/085.wclq,dimacs1992,mccreesh2017_kidneyexchange,1,,,,,
mccreesh2017/kidney-exchange/kidney_mwc/086.wclq,dimacs1992,mccreesh2017_kidneyexchange,1,,,,,
mccreesh2017/kidney-exchange/kidney_mwc/087.wclq,dimacs1992,mccreesh2017_kidneyexchange,1,,,,,
mccreesh2017/kidney-exchange/kidney_mwc/088.wclq,dimacs1992,mccreesh2017_kidneyexchange,1,,,,,
mccreesh2017/kidney-exchange/kidney_mwc/089.wclq,dimacs1992,mccreesh2017_kidneyexchange,1,,,,,
mccreesh2017/kidney-exchange/kidney_mwc/090.wclq,dimacs1992,mccreesh2017_kidneyexchange,1,,,,,
mccreesh2017/kidney-exchange/kidney_mwc/091.wclq,dimacs1992,mccreesh2017_kidneyexchange,1,,,,,
mccreesh2017/kidney-exchange/kidney_mwc/092.wclq,dimacs1992,mccreesh2017_kidneyexchange,1,,,,,
mccreesh2017/kidney-exchange/kidney_mwc/093.wclq,dimacs1992,mccreesh2017_kidneyexchange,1,,,,,
mccreesh2017/kidney-exchange/kidney_mwc/094.wclq,dimacs1992,mccreesh2017_kidneyexchange,1,,,,,
mccreesh2017/kidney-exchange/kidney_mwc/095.wclq,dimacs1992,mccreesh2017_kidneyexchange,1,,,,,
mccreesh2017/kidney-exchange/kidney_mwc/096.wclq,dimacs1992,mccreesh2017_kidneyexchange,1,,,,,
mccreesh2017/kidney-exchange/kidney_mwc/097.wclq,dimacs1992,mccreesh2017_kidneyexchange,1,,,,,
mccreesh2017/kidney-exchange/kidney_mwc/098.wclq,dimacs1992,mccreesh2017_kidneyexchange,1,,,,,
mccreesh2017/kidney-exchange/kidney_mwc/099.wclq,dimacs1992,mccreesh2017_kidneyexchange,1,,,,,
mccreesh2017/kidney-exchange/kidney_mwc/100.wclq,dimacs1992,mccreesh2017_kidneyexchange,1,,,,,
mccreesh2017/kidney-exchange/kidney_mwc-randomly-permuted/001.wclq,dimacs1992,mccreesh2017_kidneyexchange_rp,1,,,,,
mccreesh2017/kidney-exchange/kidney_mwc-randomly-permuted/002.wclq,dimacs1992,mccreesh2017_kidneyexchange_rp,1,,,,,
mccreesh2017/kidney-exchange/kidney_mwc-randomly-permuted/003.wclq,dimacs1992,mccreesh2017_kidneyexchange_rp,1,,,,,
mccreesh2017/kidney-exchange/kidney_mwc-randomly-permuted/004.wclq,dimacs1992,mccreesh2017_kidneyexchange_rp,1,,,,,
mccreesh2017/kidney-exchange/kidney_mwc-randomly-permuted/005.wclq,dimacs1992,mccreesh2017_kidneyexchange_rp,1,,,,,
mccreesh2017/kidney-exchange/kidney_mwc-randomly-permuted/006.wclq,dimacs1992,mccreesh2017_kidneyexchange_rp,1,,,,,
mccreesh2017/kidney-exchange/kidney_mwc-randomly-permuted/007.wclq,dimacs1992,mccreesh2017_kidneyexchange_rp,1,,,,,
mccreesh2017/kidney-exchange/kidney_mwc-randomly-permuted/008.wclq,dimacs1992,mccreesh2017_kidneyexchange_rp,1,,,,,
mccreesh2017/kidney-exchange/kidney_mwc-randomly-permuted/009.wclq,dimacs1992,mccreesh2017_kidneyexchange_rp,1,,,,,
mccreesh2017/kidney-exchange/kidney_mwc-randomly-permuted/010.wclq,dimacs1992,mccreesh2017_kidneyexchange_rp,1,,,,,
mccreesh2017/kidney-exchange/kidney_mwc-randomly-permuted/011.wclq,dimacs1992,mccreesh2017_kidneyexchange_rp,1,,,,,
mccreesh2017/kidney-exchange/kidney_mwc-randomly-permuted/012.wclq,dimacs1992,mccreesh2017_kidneyexchange_rp,1,,,,,
mccreesh2017/kidney-exchange/kidney_mwc-randomly-permuted/013.wclq,dimacs1992,mccreesh2017_kidneyexchange_rp,1,,,,,
mccreesh2017/kidney-exchange/kidney_mwc-randomly-permuted/014.wclq,dimacs1992,mccreesh2017_kidneyexchange_rp,1,,,,,
mccreesh2017/kidney-exchange/kidney_mwc-randomly-permuted/015.wclq,dimacs1992,mccreesh2017_kidneyexchange_rp,1,,,,,
mccreesh2017/kidney-exchange/kidney_mwc-randomly-permuted/016.wclq,dimacs1992,mccreesh2017_kidneyexchange_rp,1,,,,,
mccreesh2017/kidney-exchange/kidney_mwc-randomly-permuted/017.wclq,dimacs1992,mccreesh2017_kidneyexchange_rp,1,,,,,
mccreesh2017/kidney-exchange/kidney_mwc-randomly-permuted/018.wclq,dimacs1992,mccreesh2017_kidneyexchange_rp,1,,,,,
mccreesh2017/kidney-exchange/kidney_mwc-randomly-permuted/019.wclq,dimacs1992,mccreesh2017_kidneyexchange_rp,1,,,,,
mccreesh2017/kidney-exchange/kidney_mwc-randomly-permuted/020.wclq,dimacs1992,mccreesh2017_kidneyexchange_rp,1,,,,,
mccreesh2017/kidney-exchange/kidney_mwc-randomly-permuted/021.wclq,dimacs1992,mccreesh2017_kidneyexchange_rp,1,,,,,
mccreesh2017/kidney-exchange/kidney_mwc-randomly-permuted/022.wclq,dimacs1992,mccreesh2017_kidneyexchange_rp,1,,,,,
mccreesh2017/kidney-exchange/kidney_mwc-randomly-permuted/023.wclq,dimacs1992,mccreesh2017_kidneyexchange_rp,1,,,,,
mccreesh2017/kidney-exchange/kidney_mwc-randomly-permuted/024.wclq,dimacs1992,mccreesh2017_kidneyexchange_rp,1,,,,,
mccreesh2017/kidney-exchange/kidney_mwc-randomly-permuted/025.wclq,dimacs1992,mccreesh2017_kidneyexchange_rp,1,,,,,
mccreesh2017/kidney-exchange/kidney_mwc-randomly-permuted/026.wclq,dimacs1992,mccreesh2017_kidneyexchange_rp,1,,,,,
mccreesh2017/kidney-exchange/kidney_mwc-randomly-permuted/027.wclq,dimacs1992,mccreesh2017_kidneyexchange_rp,1,,,,,
mccreesh2017/kidney-exchange/kidney_mwc-randomly-permuted/028.wclq,dimacs1992,mccreesh2017_kidneyexchange_rp,1,,,,,
mccreesh2017/kidney-exchange/kidney_mwc-randomly-permuted/029.wclq,dimacs1992,mccreesh2017_kidneyexchange_rp,1,,,,,
mccreesh2017/kidney-exchange/kidney_mwc-randomly-permuted/030.wclq,dimacs1992,mccreesh2017_kidneyexchange_rp,1,,,,,
mccreesh2017/kidney-exchange/kidney_mwc-randomly-permuted/031.wclq,dimacs1992,mccreesh2017_kidneyexchange_rp,1,,,,,
mccreesh2017/kidney-exchange/kidney_mwc-randomly-permuted/032.wclq,dimacs1992,mccreesh2017_kidneyexchange_rp,1,,,,,
mccreesh2017/kidney-exchange/kidney_mwc-randomly-permuted/033.wclq,dimacs1992,mccreesh2017_kidneyexchange_rp,1,,,,,
mccreesh2017/kidney-exchange/kidney_mwc-randomly-permuted/034.wclq,dimacs1992,mccreesh2017_kidneyexchange_rp,1,,,,,
mccreesh2017/kidney-exchange/kidney_mwc-randomly-permuted/035.wclq,dimacs1992,mccreesh2017_kidneyexchange_rp,1,,,,,
mccreesh2017/kidney-exchange/kidney_mwc-randomly-permuted/036.wclq,dimacs1992,mccreesh2017_kidneyexchange_rp,1,,,,,
mccreesh2017/kidney-exchange/kidney_mwc-randomly-permuted/037.wclq,dimacs1992,mccreesh2017_kidneyexchange_rp,1,,,,,
mccreesh2017/kidney-exchange/kidney_mwc-randomly-permuted/038.wclq,dimacs1992,mccreesh2017_kidneyexchange_rp,1,,,,,
mccreesh2017/kidney-exchange/kidney_mwc-randomly-permuted/039.wclq,dimacs1992,mccreesh2017_kidneyexchange_rp,1,,,,,
mccreesh2017/kidney-exchange/kidney_mwc-randomly-permuted/040.wclq,dimacs1992,mccreesh2017_kidneyexchange_rp,1,,,,,
mccreesh2017/kidney-exchange/kidney_mwc-randomly-permuted/041.wclq,dimacs1992,mccreesh2017_kidneyexchange_rp,1,,,,,
mccreesh2017/kidney-exchange/kidney_mwc-randomly-permuted/042.wclq,dimacs1992,mccreesh2017_kidneyexchange_rp,1,,,,,
mccreesh2017/kidney-exchange/kidney_mwc-randomly-permuted/043.wclq,dimacs1992,mccreesh2017_kidneyexchange_rp,1,,,,,
mccreesh2017/kidney-exchange/kidney_mwc-randomly-permuted/044.wclq,dimacs1992,mccreesh2017_kidneyexchange_rp,1,,,,,
mccreesh2017/kidney-exchange/kidney_mwc-randomly-permuted/045.wclq,dimacs1992,mccreesh2017_kidneyexchange_rp,1,,,,,
mccreesh2017/kidney-exchange/kidney_mwc-randomly-permuted/046.wclq,dimacs1992,mccreesh2017_kidneyexchange_rp,1,,,,,
mccreesh2017/kidney-exchange/kidney_mwc-randomly-permuted/047.wclq,dimacs1992,mccreesh2017_kidneyexchange_rp,1,,,,,
mccreesh2017/kidney-exchange/kidney_mwc-randomly-permuted/048.wclq,dimacs1992,mccreesh2017_kidneyexchange_rp,1,,,,,
mccreesh2017/kidney-exchange/kidney_mwc-randomly-permuted/049.wclq,dimacs1992,mccreesh2017_kidneyexchange_rp,1,,,,,
mccreesh2017/kidney-exchange/kidney_mwc-randomly-permuted/050.wclq,dimacs1992,mccreesh2017_kidneyexchange_rp,1,,,,,
mccreesh2017/kidney-exchange/kidney_mwc-randomly-permuted/051.wclq,dimacs1992,mccreesh2017_kidneyexchange_rp,1,,,,,
mccreesh2017/kidney-exchange/kidney_mwc-randomly-permuted/052.wclq,dimacs1992,mccreesh2017_kidneyexchange_rp,1,,,,,
mccreesh2017/kidney-exchange/kidney_mwc-randomly-permuted/053.wclq,dimacs1992,mccreesh2017_kidneyexchange_rp,1,,,,,
mccreesh2017/kidney-exchange/kidney_mwc-randomly-permuted/054.wclq,dimacs1992,mccreesh2017_kidneyexchange_rp,1,,,,,
mccreesh2017/kidney-exchange/kidney_mwc-randomly-permuted/055.wclq,dimacs1992,mccreesh2017_kidneyexchange_rp,1,,,,,
mccreesh2017/kidney-exchange/kidney_mwc-randomly-permuted/056.wclq,dimacs1992,mccreesh2017_kidneyexchange_rp,1,,,,,
mccreesh2017/kidney-exchange/kidney_mwc-randomly-permuted/057.wclq,dimacs1992,mccreesh2017_kidneyexchange_rp,1,,,,,
mccreesh2017/kidney-exchange/kidney_mwc-randomly-permuted/058.wclq,dimacs1992,mccreesh2017_kidneyexchange_rp,1,,,,,
mccreesh2017/kidney-exchange/kidney_mwc-randomly-permuted/059.wclq,dimacs1992,mccreesh2017_kidneyexchange_rp,1,,,,,
mccreesh2017/kidney-exchange/kidney_mwc-randomly-permuted/060.wclq,dimacs1992,mccreesh2017_kidneyexchange_rp,1,,,,,
mccreesh2017/kidney-exchange/kidney_mwc-randomly-permuted/061.wclq,dimacs1992,mccreesh2017_kidneyexchange_rp,1,,,,,
mccreesh2017/kidney-exchange/kidney_mwc-randomly-permuted/062.wclq,dimacs1992,mccreesh2017_kidneyexchange_rp,1,,,,,
mccreesh2017/kidney-exchange/kidney_mwc-randomly-permuted/063.wclq,dimacs1992,mccreesh2017_kidneyexchange_rp,1,,,,,
mccreesh2017/kidney-exchange/kidney_mwc-randomly-permuted/064.wclq,dimacs1992,mccreesh2017_kidneyexchange_rp,1,,,,,
mccreesh2017/kidney-exchange/kidney_mwc-randomly-permuted/065.wclq,dimacs1992,mccreesh2017_kidneyexchange_rp,1,,,,,
mccreesh2017/kidney-exchange/kidney_mwc-randomly-permuted/066.wclq,dimacs1992,mccreesh2017_kidneyexchange_rp,1,,,,,
mccreesh2017/kidney-exchange/kidney_mwc-randomly-permuted/067.wclq,dimacs1992,mccreesh2017_kidneyexchange_rp,1,,,,,
mccreesh2017/kidney-exchange/kidney_mwc-randomly-permuted/068.wclq,dimacs1992,mccreesh2017_kidneyexchange_rp,1,,,,,
mccreesh2017/kidney-exchange/kidney_mwc-randomly-permuted/069.wclq,dimacs1992,mccreesh2017_kidneyexchange_rp,1,,,,,
mccreesh2017/kidney-exchange/kidney_mwc-randomly-permuted/070.wclq,dimacs1992,mccreesh2017_kidneyexchange_rp,1,,,,,
mccreesh2017/kidney-exchange/kidney_mwc-randomly-permuted/071.wclq,dimacs1992,mccreesh2017_kidneyexchange_rp,1,,,,,
mccreesh2017/kidney-exchange/kidney_mwc-randomly-permuted/072.wclq,dimacs1992,mccreesh2017_kidneyexchange_rp,1,,,,,
mccreesh2017/kidney-exchange/kidney_mwc-randomly-permuted/073.wclq,dimacs1992,mccreesh2017_kidneyexchange_rp,1,,,,,
mccreesh2017/kidney-exchange/kidney_mwc-randomly-permuted/074.wclq,dimacs1992,mccreesh2017_kidneyexchange_rp,1,,,,,
mccreesh2017/kidney-exchange/kidney_mwc-randomly-permuted/075.wclq,dimacs1992,mccreesh2017_kidneyexchange_rp,1,,,,,
mccreesh2017/kidney-exchange/kidney_mwc-randomly-permuted/076.wclq,dimacs1992,mccreesh2017_kidneyexchange_rp,1,,,,,
mccreesh2017/kidney-exchange/kidney_mwc-randomly-permuted/077.wclq,dimacs1992,mccreesh2017_kidneyexchange_rp,1,,,,,
mccreesh2017/kidney-exchange/kidney_mwc-randomly-permuted/078.wclq,dimacs1992,mccreesh2017_kidneyexchange_rp,1,,,,,
mccreesh2017/kidney-exchange/kidney_mwc-randomly-permuted/079.wclq,dimacs1992,mccreesh2017_kidneyexchange_rp,1,,,,,
mccreesh2017/kidney-exchange/kidney_mwc-randomly-permuted/080.wclq,dimacs1992,mccreesh2017_kidneyexchange_rp,1,,,,,
mccreesh2017/kidney-exchange/kidney_mwc-randomly-permuted/081.wclq,dimacs1992,mccreesh2017_kidneyexchange_rp,1,,,,,
mccreesh2017/kidney-exchange/kidney_mwc-randomly-permuted/082.wclq,dimacs1992,mccreesh2017_kidneyexchange_rp,1,,,,,
mccreesh2017/kidney-exchange/kidney_mwc-randomly-permuted/083.wclq,dimacs1992,mccreesh2017_kidneyexchange_rp,1,,,,,
mccreesh2017/kidney-exchange/kidney_mwc-randomly-permuted/084.wclq,dimacs1992,mccreesh2017_kidneyexchange_rp,1,,,,,
mccreesh2017/kidney-exchange/kidney_mwc-randomly-permuted/085.wclq,dimacs1992,mccreesh2017_kidneyexchange_rp,1,,,,,
mccreesh2017/kidney-exchange/kidney_mwc-randomly-permuted/086.wclq,dimacs1992,mccreesh2017_kidneyexchange_rp,1,,,,,
mccreesh2017/kidney-exchange/kidney_mwc-randomly-permuted/087.wclq,dimacs1992,mccreesh2017_kidneyexchange_rp,1,,,,,
mccreesh2017/kidney-exchange/kidney_mwc-randomly-permuted/088.wclq,dimacs1992,mccreesh2017_kidneyexchange_rp,1,,,,,
mccreesh2017/kidney-exchange/kidney_mwc-randomly-permuted/089.wclq,dimacs1992,mccreesh2017_kidneyexchange_rp,1,,,,,
mccreesh2017/kidney-exchange/kidney_mwc-randomly-permuted/090.wclq,dimacs1992,mccreesh2017_kidneyexchange_rp,1,,,,,
mccreesh2017/kidney-exchange/kidney_mwc-randomly-permuted/091.wclq,dimacs1992,mccreesh2017_kidneyexchange_rp,1,,,,,
mccreesh2017/kidney-exchange/kidney_mwc-randomly-permuted/092.wclq,dimacs1992,mccreesh2017_kidneyexchange_rp,1,,,,,
mccreesh2017/kidney-exchange/kidney_mwc-randomly-permuted/093.wclq,dimacs1992,mccreesh2017_kidneyexchange_rp,1,,,,,
mccreesh2017/kidney-exchange/kidney_mwc-randomly-permuted/094.wclq,dimacs1992,mccreesh2017_kidneyexchange_rp,1,,,,,
mccreesh2017/kidney-exchange/kidney_mwc-randomly-permuted/095.wclq,dimacs1992,mccreesh2017_kidneyexchange_rp,1,,,,,
mccreesh2017/kidney-exchange/kidney_mwc-randomly-permuted/096.wclq,dimacs1992,mccreesh2017_kidneyexchange_rp,1,,,,,
mccreesh2017/kidney-exchange/kidney_mwc-randomly-permuted/097.wclq,dimacs1992,mccreesh2017_kidneyexchange_rp,1,,,,,
mccreesh2017/kidney-exchange/kidney_mwc-randomly-permuted/098.wclq,dimacs1992,mccreesh2017_kidneyexchange_rp,1,,,,,
mccreesh2017/kidney-exchange/kidney_mwc-randomly-permuted/099.wclq,dimacs1992,mccreesh2017_kidneyexchange_rp,1,,,,,
mccreesh2017/kidney-exchange/kidney_mwc-randomly-permuted/100.wclq,dimacs1992,mccreesh2017_kidneyexchange_rp,1,,,,,
mccreesh2017/REF/goldilocksRefAsGraph/ref-20-20-00.clq,dimacs1992,mccreesh2017_researchexcellence,1,,,,,
mccreesh2017/REF/goldilocksRefAsGraph/ref-20-20-01.clq,dimacs1992,mccreesh2017_researchexcellence,1,,,,,
mccreesh2017/REF/goldilocksRefAsGraph/ref-20-20-02.clq,dimacs1992,mccreesh2017_researchexcellence,1,,,,,
mccreesh2017/REF/goldilocksRefAsGraph/ref-20-20-03.clq,dimacs1992,mccreesh2017_researchexcellence,1,,,,,
mccreesh2017/REF/goldilocksRefAsGraph/ref-20-20-04.clq,dimacs1992,mccreesh2017_researchexcellence,1,,,,,
mccreesh2017/REF/goldilocksRefAsGraph/ref-20-20-05.clq,dimacs1992,mccreesh2017_researchexcellence,1,,,,,
mccreesh2017/REF/goldilocksRefAsGraph/ref-20-20-06.clq,dimacs1992,mccreesh2017_researchexcellence,1,,,,,
mccreesh2017/REF/goldilocksRefAsGraph/ref-20-20-07.clq,dimacs1992,mccreesh2017_researchexcellence,1,,,,,
mccreesh2017/REF/goldilocksRefAsGraph/ref-20-20-08.clq,dimacs1992,mccreesh2017_researchexcellence,1,,,,,
mccreesh2017/REF/goldilocksRefAsGraph/ref-20-20-09.clq,dimacs1992,mccreesh2017_researchexcellence,1,,,,,
mccreesh2017/REF/goldilocksRefAsGraph/ref-20-30-00.clq,dimacs1992,mccreesh2017_researchexcellence,1,,,,,
mccreesh2017/REF/goldilocksRefAsGraph/ref-20-30-01.clq,dimacs1992,mccreesh2017_researchexcellence,1,,,,,
mccreesh2017/REF/goldilocksRefAsGraph/ref-20-30-02.clq,dimacs1992,mccreesh2017_researchexcellence,1,,,,,
mccreesh2017/REF/goldilocksRefAsGraph/ref-20-30-03.clq,dimacs1992,mccreesh2017_researchexcellence,1,,,,,
mccreesh2017/REF/goldilocksRefAsGraph/ref-20-30-04.clq,dimacs1992,mccreesh2017_researchexcellence,1,,,,,
mccreesh2017/REF/goldilocksRefAsGraph/ref-20-30-05.clq,dimacs1992,mccreesh2017_researchexcellence,1,,,,,
mccreesh2017/REF/goldilocksRefAsGraph/ref-20-30-06.clq,dimacs1992,mccreesh2017_researchexcellence,1,,,,,
mccreesh2017/REF/goldilocksRefAsGraph/ref-20-30-07.clq,dimacs1992,mccreesh2017_researchexcellence,1,,,,,
mccreesh2017/REF/goldilocksRefAsGraph/ref-20-30-08.clq,dimacs1992,mccreesh2017_researchexcellence,1,,,,,
mccreesh2017/REF/goldilocksRefAsGraph/ref-20-30-09.clq,dimacs1992,mccreesh2017_researchexcellence,1,,,,,
mccreesh2017/REF/goldilocksRefAsGraph/ref-20-40-00.clq,dimacs1992,mccreesh2017_researchexcellence,1,,,,,
mccreesh2017/REF/goldilocksRefAsGraph/ref-20-40-01.clq,dimacs1992,mccreesh2017_researchexcellence,1,,,,,
mccreesh2017/REF/goldilocksRefAsGraph/ref-20-40-02.clq,dimacs1992,mccreesh2017_researchexcellence,1,,,,,
mccreesh2017/REF/goldilocksRefAsGraph/ref-20-40-03.clq,dimacs1992,mccreesh2017_researchexcellence,1,,,,,
mccreesh2017/REF/goldilocksRefAsGraph/ref-20-40-04.clq,dimacs1992,mccreesh2017_researchexcellence,1,,,,,
mccreesh2017/REF/goldilocksRefAsGraph/ref-20-40-05.clq,dimacs1992,mccreesh2017_researchexcellence,1,,,,,
mccreesh2017/REF/goldilocksRefAsGraph/ref-20-40-06.clq,dimacs1992,mccreesh2017_researchexcellence,1,,,,,
mccreesh2017/REF/goldilocksRefAsGraph/ref-20-40-07.clq,dimacs1992,mccreesh2017_researchexcellence,1,,,,,
mccreesh2017/REF/goldilocksRefAsGraph/ref-20-40-08.clq,dimacs1992,mccreesh2017_researchexcellence,1,,,,,
mccreesh2017/REF/goldilocksRefAsGraph/ref-20-40-09.clq,dimacs1992,mccreesh2017_researchexcellence,1,,,,,
mccreesh2017/REF/goldilocksRefAsGraph/ref-20-50-00.clq,dimacs1992,mccreesh2017_researchexcellence,1,,,,,
mccreesh2017/REF/goldilocksRefAsGraph/ref-20-50-01.clq,dimacs1992,mccreesh2017_researchexcellence,1,,,,,
mccreesh2017/REF/goldilocksRefAsGraph/ref-20-50-02.clq,dimacs1992,mccreesh2017_researchexcellence,1,,,,,
mccreesh2017/REF/goldilocksRefAsGraph/ref-20-50-03.clq,dimacs1992,mccreesh2017_researchexcellence,1,,,,,
mccreesh2017/REF/goldilocksRefAsGraph/ref-20-50-04.clq,dimacs1992,mccreesh2017_researchexcellence,1,,,,,
mccreesh2017/REF/goldilocksRefAsGraph/ref-20-50-05.clq,dimacs1992,mccreesh2017_researchexcellence,1,,,,,
mccreesh2017/REF/goldilocksRefAsGraph/ref-20-50-06.clq,dimacs1992,mccreesh2017_researchexcellence,1,,,,,
mccreesh2017/REF/goldilocksRefAsGraph/ref-20-50-07.clq,dimacs1992,mccreesh2017_researchexcellence,1,,,,,
mccreesh2017/REF/goldilocksRefAsGraph/ref-20-50-08.clq,dimacs1992,mccreesh2017_researchexcellence,1,,,,,
mccreesh2017/REF/goldilocksRefAsGraph/ref-20-50-09.clq,dimacs1992,mccreesh2017_researchexcellence,1,,,,,
mccreesh2017/REF/goldilocksRefAsGraph/ref-25-25-00.clq,dimacs1992,mccreesh2017_researchexcellence,1,,,,,
mccreesh2017/REF/goldilocksRefAsGraph/ref-25-25-01.clq,dimacs1992,mccreesh2017_researchexcellence,1,,,,,
mccreesh2017/REF/goldilocksRefAsGraph/ref-25-25-02.clq,dimacs1992,mccreesh2017_researchexcellence,1,,,,,
mccreesh2017/REF/goldilocksRefAsGraph/ref-25-25-03.clq,dimacs1992,mccreesh2017_researchexcellence,1,,,,,
mccreesh2017/REF/goldilocksRefAsGraph/ref-25-25-04.clq,dimacs1992,mccreesh2017_researchexcellence,1,,,,,
mccreesh2017/REF/goldilocksRefAsGraph/ref-25-25-05.clq,dimacs1992,mccreesh2017_researchexcellence,1,,,,,
mccreesh2017/REF/goldilocksRefAsGraph/ref-25-25-06.clq,dimacs1992,mccreesh2017_researchexcellence,1,,,,,
mccreesh2017/REF/goldilocksRefAsGraph/ref-25-25-07.clq,dimacs1992,mccreesh2017_researchexcellence,1,,,,,
mccreesh2017/REF/goldilocksRefAsGraph/ref-25-25-08.clq,dimacs1992,mccreesh2017_researchexcellence,1,,,,,
mccreesh2017/REF/goldilocksRefAsGraph/ref-25-25-09.clq,dimacs1992,mccreesh2017_researchexcellence,1,,,,,
mccreesh2017/REF/goldilocksRefAsGraph/ref-25-30-00.clq,dimacs1992,mccreesh2017_researchexcellence,1,,,,,
mccreesh2017/REF/goldilocksRefAsGraph/ref-25-30-01.clq,dimacs1992,mccreesh2017_researchexcellence,1,,,,,
mccreesh2017/REF/goldilocksRefAsGraph/ref-25-30-02.clq,dimacs1992,mccreesh2017_researchexcellence,1,,,,,
mccreesh2017/REF/goldilocksRefAsGraph/ref-25-30-03.clq,dimacs1992,mccreesh2017_researchexcellence,1,,,,,
mccreesh2017/REF/goldilocksRefAsGraph/ref-25-30-04.clq,dimacs1992,mccreesh2017_researchexcellence,1,,,,,
mccreesh2017/REF/goldilocksRefAsGraph/ref-25-30-05.clq,dimacs1992,mccreesh2017_researchexcellence,1,,,,,
mccreesh2017/REF/goldilocksRefAsGraph/ref-25-30-06.clq,dimacs1992,mccreesh2017_researchexcellence,1,,,,,
mccreesh2017/REF/goldilocksRefAsGraph/ref-25-30-07.clq,dimacs1992,mccreesh2017_researchexcellence,1,,,,,
mccreesh2017/REF/goldilocksRefAsGraph/ref-25-30-08.clq,dimacs1992,mccreesh2017_researchexcellence,1,,,,,
mccreesh2017/REF/goldilocksRefAsGraph/ref-25-30-09.clq,dimacs1992,mccreesh2017_researchexcellence,1,,,,,
mccreesh2017/REF/goldilocksRefAsGraph/ref-25-35-00.clq,dimacs1992,mccreesh2017_researchexcellence,1,,,,,
mccreesh2017/REF/goldilocksRefAsGraph/ref-25-35-01.clq,dimacs1992,mccreesh2017_researchexcellence,1,,,,,
mccreesh2017/REF/goldilocksRefAsGraph/ref-25-35-02.clq,dimacs1992,mccreesh2017_researchexcellence,1,,,,,
mccreesh2017/REF/goldilocksRefAsGraph/ref-25-35-03.clq,dimacs1992,mccreesh2017_researchexcellence,1,,,,,
mccreesh2017/REF/goldilocksRefAsGraph/ref-25-35-04.clq,dimacs1992,mccreesh2017_researchexcellence,1,,,,,
mccreesh2017/REF/goldilocksRefAsGraph/ref-25-35-05.clq,dimacs1992,mccreesh2017_researchexcellence,1,,,,,
mccreesh2017/REF/goldilocksRefAsGraph/ref-25-35-06.clq,dimacs1992,mccreesh2017_researchexcellence,1,,,,,
mccreesh2017/REF/goldilocksRefAsGraph/ref-25-35-07.clq,dimacs1992,mccreesh2017_researchexcellence,1,,,,,
mccreesh2017/REF/goldilocksRefAsGraph/ref-25-35-08.clq,dimacs1992,mccreesh2017_researchexcellence,1,,,,,
mccreesh2017/REF/goldilocksRefAsGraph/ref-25-35-09.clq,dimacs1992,mccreesh2017_researchexcellence,1,,,,,
mccreesh2017/REF/goldilocksRefAsGraph/ref-25-40-00.clq,dimacs1992,mccreesh2017_researchexcellence,1,,,,,
mccreesh2017/REF/goldilocksRefAsGraph/ref-25-40-01.clq,dimacs1992,mccreesh2017_researchexcellence,1,,,,,
mccreesh2017/REF/goldilocksRefAsGraph/ref-25-40-02.clq,dimacs1992,mccreesh2017_researchexcellence,1,,,,,
mccreesh2017/REF/goldilocksRefAsGraph/ref-25-40-03.clq,dimacs1992,mccreesh2017_researchexcellence,1,,,,,
mccreesh2017/REF/goldilocksRefAsGraph/ref-25-40-04.clq,dimacs1992,mccreesh2017_researchexcellence,1,,,,,
mccreesh2017/REF/goldilocksRefAsGraph/ref-25-40-05.clq,dimacs1992,mccreesh2017_researchexcellence,1,,,,,
mccreesh2017/REF/goldilocksRefAsGraph/ref-25-40-06.clq,dimacs1992,mccreesh2017_researchexcellence,1,,,,,
mccreesh2017/REF/goldilocksRefAsGraph/ref-25-40-07.clq,dimacs1992,mccreesh2017_researchexcellence,1,,,,,
mccreesh2017/REF/goldilocksRefAsGraph/ref-25-40-08.clq,dimacs1992,mccreesh2017_researchexcellence,1,,,,,
mccreesh2017/REF/goldilocksRefAsGraph/ref-25-40-09.clq,dimacs1992,mccreesh2017_researchexcellence,1,,,,,
mccreesh2017/REF/goldilocksRefAsGraph/ref-30-30-00.clq,dimacs1992,mccreesh2017_researchexcellence,1,,,,,
mccreesh2017/REF/goldilocksRefAsGraph/ref-30-30-01.clq,dimacs1992,mccreesh2017_researchexcellence,1,,,,,
mccreesh2017/REF/goldilocksRefAsGraph/ref-30-30-02.clq,dimacs1992,mccreesh2017_researchexcellence,1,,,,,
mccreesh2017/REF/goldilocksRefAsGraph/ref-30-30-03.clq,dimacs1992,mccreesh2017_researchexcellence,1,,,,,
mccreesh2017/REF/goldilocksRefAsGraph/ref-30-30-04.clq,dimacs1992,mccreesh2017_researchexcellence,1,,,,,
mccreesh2017/REF/goldilocksRefAsGraph/ref-30-30-05.clq,dimacs1992,mccreesh2017_researchexcellence,1,,,,,
mccreesh2017/REF/goldilocksRefAsGraph/ref-30-30-06.clq,dimacs1992,mccreesh2017_researchexcellence,1,,,,,
mccreesh2017/REF/goldilocksRefAsGraph/ref-30-30-07.clq,dimacs1992,mccreesh2017_researchexcellence,1,,,,,
mccreesh2017/REF/goldilocksRefAsGraph/ref-30-30-08.clq,dimacs1992,mccreesh2017_researchexcellence,1,,,,,
mccreesh2017/REF/goldilocksRefAsGraph/ref-30-30-09.clq,dimacs1992,mccreesh2017_researchexcellence,1,,,,,
mccreesh2017/REF/goldilocksRefAsGraph/ref-30-40-00.clq,dimacs1992,mccreesh2017_researchexcellence,1,,,,,
mccreesh2017/REF/goldilocksRefAsGraph/ref-30-40-01.clq,dimacs1992,mccreesh2017_researchexcellence,1,,,,,
mccreesh2017/REF/goldilocksRefAsGraph/ref-30-40-02.clq,dimacs1992,mccreesh2017_researchexcellence,1,,,,,
mccreesh2017/REF/goldilocksRefAsGraph/ref-30-40-03.clq,dimacs1992,mccreesh2017_researchexcellence,1,,,,,
mccreesh2017/REF/goldilocksRefAsGraph/ref-30-40-04.clq,dimacs1992,mccreesh2017_researchexcellence,1,,,,,
mccreesh2017/REF/goldilocksRefAsGraph/ref-30-40-05.clq,dimacs1992,mccreesh2017_researchexcellence,1,,,,,
mccreesh2017/REF/goldilocksRefAsGraph/ref-30-40-06.clq,dimacs1992,mccreesh2017_researchexcellence,1,,,,,
mccreesh2017/REF/goldilocksRefAsGraph/ref-30-40-07.clq,dimacs1992,mccreesh2017_researchexcellence,1,,,,,
mccreesh2017/REF/goldilocksRefAsGraph/ref-30-40-08.clq,dimacs1992,mccreesh2017_researchexcellence,1,,,,,
mccreesh2017/REF/goldilocksRefAsGraph/ref-30-40-09.clq,dimacs1992,mccreesh2017_researchexcellence,1,,,,,
mccreesh2017/REF/refAsGraph/ref-10-20.clq,dimacs1992,mccreesh2017_researchexcellence,1,,,,,
mccreesh2017/REF/refAsGraph/ref-10-30.clq,dimacs1992,mccreesh2017_researchexcellence,1,,,,,
mccreesh2017/REF/refAsGraph/ref-10-40.clq,dimacs1992,mccreesh2017_researchexcellence,1,,,,,
mccreesh2017/REF/refAsGraph/ref-10-50.clq,dimacs1992,mccreesh2017_researchexcellence,1,,,,,
mccreesh2017/REF/refAsGraph/ref-30-50.clq,dimacs1992,mccreesh2017_researchexcellence,1,,,,,
mccreesh2017/REF/refAsGraph/ref-60-10000.clq,dimacs1992,mccreesh2017_researchexcellence,1,,,,,
mccreesh2017/REF/refAsGraph/ref-60-1000.clq,dimacs1992,mccreesh2017_researchexcellence,1,,,,,
mccreesh2017/REF/refAsGraph/ref-60-230-0.clq,dimacs1992,mccreesh2017_researchexcellence,1,,,,,
mccreesh2017/REF/refAsGraph/ref-60-230-1.clq,dimacs1992,mccreesh2017_researchexcellence,1,,,,,
mccreesh2017/REF/refAsGraph/ref-60-230-2.clq,dimacs1992,mccreesh2017_researchexcellence,1,,,,,
mccreesh2017/REF/refAsGraph/ref-60-230-3.clq,dimacs1992,mccreesh2017_researchexcellence,1,,,,,
mccreesh2017/REF/refAsGraph/ref-60-230-4.clq,dimacs1992,mccreesh2017_researchexcellence,1,,,,,
mccreesh2017/REF/refAsGraph/ref-60-230-5.clq,dimacs1992,mccreesh2017_researchexcellence,1,,,,,
mccreesh2017/REF/refAsGraph/ref-60-230-6.clq,dimacs1992,mccreesh2017_researchexcellence,1,,,,,
mccreesh2017/REF/refAsGraph/ref-60-230-7.clq,dimacs1992,mccreesh2017_researchexcellence,1,,,,,
mccreesh2017/REF/refAsGraph/ref-60-230-8.clq,dimacs1992,mccreesh2017_researchexcellence,1,,,,,
mccreesh2017/REF/refAsGraph/ref-60-230-9.clq,dimacs1992,mccreesh2017_researchexcellence,1,,,,,
mccreesh2017/REF/refAsGraph/ref-60-300.clq,dimacs1992,mccreesh2017_researchexcellence,1,,,,,
mccreesh2017/REF/refAsGraph/ref-60-500-0.clq,dimacs1992,mccreesh2017_researchexcellence,1,,,,,
mccreesh2017/REF/refAsGraph/ref-60-500-1.clq,dimacs1992,mccreesh2017_researchexcellence,1,,,,,
mccreesh2017/REF/refAsGraph/ref-60-500-2.clq,dimacs1992,mccreesh2017_researchexcellence,1,,,,,
mccreesh2017/REF/refAsGraph/ref-60-500-3.clq,dimacs1992,mccreesh2017_researchexcellence,1,,,,,
mccreesh2017/REF/refAsGraph/ref-60-500-4.clq,dimacs1992,mccreesh2017_researchexcellence,1,,,,,
mccreesh2017/REF/refAsGraph/ref-60-500-5.clq,dimacs1992,mccreesh2017_researchexcellence,1,,,,,
mccreesh2017/REF/refAsGraph/ref-60-500-6.clq,dimacs1992,mccreesh2017_researchexcellence,1,,,,,
mccreesh2017/REF/refAsGraph/ref-60-500-7.clq,dimacs1992,mccreesh2017_researchexcellence,1,,,,,
mccreesh2017/REF/refAsGraph/ref-60-500-8.clq,dimacs1992,mccreesh2017_researchexcellence,1,,,,,
mccreesh2017/REF/refAsGraph/ref-60-500-9.clq,dimacs1992,mccreesh2017_researchexcellence,1,,,,,
mccreesh2017/REF/refAsGraph/ref-60-500.clq,dimacs1992,mccreesh2017_researchexcellence,1,,,,,
mccreesh2017/UAI/MMAP/Grids_18.mwvc,dimacs1992,mccreesh2017_uai2014,1,,,,,
mccreesh2017/UAI/MMAP/Grids_19.mwvc,dimacs1992,mccreesh2017_uai2014,1,,,,,
mccreesh2017/UAI/MMAP/Grids_20.mwvc,dimacs1992,mccreesh2017_uai2014,1,,,,,
mccreesh2017/UAI/MMAP/Grids_21.mwvc,dimacs1992,mccreesh2017_uai2014,1,,,,,
mccreesh2017/UAI/MMAP/Grids_22.mwvc,dimacs1992,mccreesh2017_uai2014,1,,,,,
mccreesh2017/UAI/MMAP/Grids_23.mwvc,dimacs1992,mccreesh2017_uai2014,1,,,,,
mccreesh2017/UAI/MMAP/Grids_24.mwvc,dimacs1992,mccreesh2017_uai2014,1,,,,,
mccreesh2017/UAI/MMAP/Grids_25.mwvc,dimacs1992,mccreesh2017_uai2014,1,,,,,
mccreesh2017/UAI/MMAP/Grids_26.mwvc,dimacs1992,mccreesh2017_uai2014,1,,,,,
mccreesh2017/UAI/MMAP/Grids_27.mwvc,dimacs1992,mccreesh2017_uai2014,1,,,,,
mccreesh2017/UAI/MMAP/Grids_28.mwvc,dimacs1992,mccreesh2017_uai2014,1,,,,,
mccreesh2017/UAI/MMAP/Grids_29.mwvc,dimacs1992,mccreesh2017_uai2014,1,,,,,
mccreesh2017/UAI/MMAP/Grids_30.mwvc,dimacs1992,mccreesh2017_uai2014,1,,,,,
mccreesh2017/UAI/MMAP/Promedas_11.mwvc,dimacs1992,mccreesh2017_uai2014,1,,,,,
mccreesh2017/UAI/MMAP/Promedas_12.mwvc,dimacs1992,mccreesh2017_uai2014,1,,,,,
mccreesh2017/UAI/MMAP/Promedas_13.mwvc,dimacs1992,mccreesh2017_uai2014,1,,,,,
mccreesh2017/UAI/MMAP/Promedas_14.mwvc,dimacs1992,mccreesh2017_uai2014,1,,,,,
mccreesh2017/UAI/MMAP/Promedas_15.mwvc,dimacs1992,mccreesh2017_uai2014,1,,,,,
mccreesh2017/UAI/MMAP/Promedas_16.mwvc,dimacs1992,mccreesh2017_uai2014,1,,,,,
mccreesh2017/UAI/MMAP/Promedas_17.mwvc,dimacs1992,mccreesh2017_uai2014,1,,,,,
mccreesh2017/UAI/MMAP/Promedas_18.mwvc,dimacs1992,mccreesh2017_uai2014,1,,,,,
mccreesh2017/UAI/MMAP/Promedas_19.mwvc,dimacs1992,mccreesh2017_uai2014,1,,,,,
mccreesh2017/UAI/MMAP/Promedas_20.mwvc,dimacs1992,mccreesh2017_uai2014,1,,,,,
mccreesh2017/UAI/MMAP/Promedas_21.mwvc,dimacs1992,mccreesh2017_uai2014,1,,,,,
mccreesh2017/UAI/MMAP/Promedas_22.mwvc,dimacs1992,mccreesh2017_uai2014,1,,,,,
mccreesh2017/UAI/MMAP/Promedas_23.mwvc,dimacs1992,mccreesh2017_uai2014,1,,,,,
mccreesh2017/UAI/MMAP/Promedas_24.mwvc,dimacs1992,mccreesh2017_uai2014,1,,,,,
mccreesh2017/UAI/MMAP/Promedas_25.mwvc,dimacs1992,mccreesh2017_uai2014,1,,,,,
mccreesh2017/UAI/MMAP/Promedas_26.mwvc,dimacs1992,mccreesh2017_uai2014,1,,,,,
mccreesh2017/UAI/MMAP/Promedas_27.mwvc,dimacs1992,mccreesh2017_uai2014,1,,,,,
mccreesh2017/UAI/MMAP/Promedas_28.mwvc,dimacs1992,mccreesh2017_uai2014,1,,,,,
mccreesh2017/UAI/MMAP/Promedas_29.mwvc,dimacs1992,mccreesh2017_uai2014,1,,,,,
mccreesh2017/UAI/MMAP/Promedas_30.mwvc,dimacs1992,mccreesh2017_uai2014,1,,,,,
mccreesh2017/UAI/MMAP/Promedas_31.mwvc,dimacs1992,mccreesh2017_uai2014,1,,,,,
mccreesh2017/UAI/MMAP/Promedas_32.mwvc,dimacs1992,mccreesh2017_uai2014,1,,,,,
mccreesh2017/UAI/MMAP/Promedas_33.mwvc,dimacs1992,mccreesh2017_uai2014,1,,,,,
mccreesh2017/UAI/MMAP/Promedas_34.mwvc,dimacs1992,mccreesh2017_uai2014,1,,,,,
mccreesh2017/UAI/MMAP/Promedas_35.mwvc,dimacs1992,mccreesh2017_uai2014,1,,,,,
mccreesh2017/UAI/MMAP/Promedas_36.mwvc,dimacs1992,mccreesh2017_uai2014,1,,,,,
mccreesh2017/UAI/MMAP/Promedas_37.mwvc,dimacs1992,mccreesh2017_uai2014,1,,,,,
mccreesh2017/UAI/MMAP/Promedas_38.mwvc,dimacs1992,mccreesh2017_uai2014,1,,,,,
mccreesh2017/UAI/MMAP/Promedas_39.mwvc,dimacs1992,mccreesh2017_uai2014,1,,,,,
mccreesh2017/UAI/MMAP/Promedas_40.mwvc,dimacs1992,mccreesh2017_uai2014,1,,,,,
mccreesh2017/UAI/MMAP/Promedas_41.mwvc,dimacs1992,mccreesh2017_uai2014,1,,,,,
mccreesh2017/UAI/MMAP/Promedas_42.mwvc,dimacs1992,mccreesh2017_uai2014,1,,,,,
mccreesh2017/UAI/MMAP/Promedas_43.mwvc,dimacs1992,mccreesh2017_uai2014,1,,,,,
mccreesh2017/UAI/MMAP/Promedas_44.mwvc,dimacs1992,mccreesh2017_uai2014,1,,,,,
mccreesh2017/UAI/MMAP/Promedas_45.mwvc,dimacs1992,mccreesh2017_uai2014,1,,,,,
mccreesh2017/UAI/MMAP/Promedas_46.mwvc,dimacs1992,mccreesh2017_uai2014,1,,,,,
mccreesh2017/UAI/MMAP/Promedas_47.mwvc,dimacs1992,mccreesh2017_uai2014,1,,,,,
mccreesh2017/UAI/MMAP/Promedas_48.mwvc,dimacs1992,mccreesh2017_uai2014,1,,,,,
mccreesh2017/UAI/MMAP/Promedas_49.mwvc,dimacs1992,mccreesh2017_uai2014,1,,,,,
mccreesh2017/UAI/MMAP/Promedas_50.mwvc,dimacs1992,mccreesh2017_uai2014,1,,,,,
mccreesh2017/UAI/MMAP/Promedas_51.mwvc,dimacs1992,mccreesh2017_uai2014,1,,,,,
mccreesh2017/UAI/MMAP/Promedas_52.mwvc,dimacs1992,mccreesh2017_uai2014,1,,,,,
mccreesh2017/UAI/MMAP/Promedas_53.mwvc,dimacs1992,mccreesh2017_uai2014,1,,,,,
mccreesh2017/UAI/MMAP/Promedas_54.mwvc,dimacs1992,mccreesh2017_uai2014,1,,,,,
mccreesh2017/UAI/MMAP/Promedas_55.mwvc,dimacs1992,mccreesh2017_uai2014,1,,,,,
mccreesh2017/UAI/MMAP/Promedas_56.mwvc,dimacs1992,mccreesh2017_uai2014,1,,,,,
mccreesh2017/UAI/MMAP/Promedas_57.mwvc,dimacs1992,mccreesh2017_uai2014,1,,,,,
mccreesh2017/UAI/MMAP/Promedas_58.mwvc,dimacs1992,mccreesh2017_uai2014,1,,,,,
mccreesh2017/UAI/MMAP/Promedas_59.mwvc,dimacs1992,mccreesh2017_uai2014,1,,,,,
mccreesh2017/UAI/MMAP/Promedas_60.mwvc,dimacs1992,mccreesh2017_uai2014,1,,,,,
mccreesh2017/UAI/MMAP/Promedas_61.mwvc,dimacs1992,mccreesh2017_uai2014,1,,,,,
mccreesh2017/UAI/MMAP/Promedas_62.mwvc,dimacs1992,mccreesh2017_uai2014,1,,,,,
mccreesh2017/UAI/MMAP/Promedas_63.mwvc,dimacs1992,mccreesh2017_uai2014,1,,,,,
mccreesh2017/UAI/MMAP/Promedas_64.mwvc,dimacs1992,mccreesh2017_uai2014,1,,,,,
mccreesh2017/UAI/MMAP/Promedas_65.mwvc,dimacs1992,mccreesh2017_uai2014,1,,,,,
mccreesh2017/UAI/MMAP/Promedas_66.mwvc,dimacs1992,mccreesh2017_uai2014,1,,,,,
mccreesh2017/UAI/MMAP/Promedas_67.mwvc,dimacs1992,mccreesh2017_uai2014,1,,,,,
mccreesh2017/UAI/MMAP/Promedas_68.mwvc,dimacs1992,mccreesh2017_uai2014,1,,,,,
mccreesh2017/UAI/MMAP/Promedas_69.mwvc,dimacs1992,mccreesh2017_uai2014,1,,,,,
mccreesh2017/UAI/MMAP/Promedas_70.mwvc,dimacs1992,mccreesh2017_uai2014,1,,,,,
mccreesh2017/UAI/MMAP/Promedas_71.mwvc,dimacs1992,mccreesh2017_uai2014,1,,,,,
mccreesh2017/UAI/MMAP/ProteinFolding_11.mwvc,dimacs1992,mccreesh2017_uai2014,1,,,,,
mccreesh2017/UAI/MMAP/Segmentation_12.mwvc,dimacs1992,mccreesh2017_uai2014,1,,,,,
mccreesh2017/UAI/MMAP/Segmentation_13.mwvc,dimacs1992,mccreesh2017_uai2014,1,,,,,
mccreesh2017/UAI/MMAP/Segmentation_14.mwvc,dimacs1992,mccreesh2017_uai2014,1,,,,,
mccreesh2017/UAI/MMAP/Segmentation_16.mwvc,dimacs1992,mccreesh2017_uai2014,1,,,,,
mccreesh2017/UAI/MMAP/Segmentation_18.mwvc,dimacs1992,mccreesh2017_uai2014,1,,,,,
mccreesh2017/UAI/MMAP/Segmentation_19.mwvc,dimacs1992,mccreesh2017_uai2014,1,,,,,
mccreesh2017/UAI/PR/2bitadd_11.cnf.mwvc,dimacs1992,mccreesh2017_uai2014,1,,,,,
mccreesh2017/UAI/PR/2bitcomp_5.cnf.mwvc,dimacs1992,mccreesh2017_uai2014,1,,,,,
mccreesh2017/UAI/PR/2bitmax_6.cnf.mwvc,dimacs1992,mccreesh2017_uai2014,1,,,,,
mccreesh2017/UAI/PR/Alchemy_11.mwvc,dimacs1992,mccreesh2017_uai2014,1,,,,,
mccreesh2017/UAI/PR/c1908.isc.cnf.mwvc,dimacs1992,mccreesh2017_uai2014,1,,,,,
mccreesh2017/UAI/PR/c432.isc.cnf.mwvc,dimacs1992,mccreesh2017_uai2014,1,,,,,
mccreesh2017/UAI/PR/c880.isc.cnf.mwvc,dimacs1992,mccreesh2017_uai2014,1,,,,,
mccreesh2017/UAI/PR/DBN_11.mwvc,dimacs1992,mccreesh2017_uai2014,1,,,,,
mccreesh2017/UAI/PR/DBN_12.mwvc,dimacs1992,mccreesh2017_uai2014,1,,,,,
mccreesh2017/UAI/PR/DBN_13.mwvc,dimacs1992,mccreesh2017_uai2014,1,,,,,
mccreesh2017/UAI/PR/DBN_14.mwvc,dimacs1992,mccreesh2017_uai2014,1,,,,,
mccreesh2017/UAI/PR/DBN_15.mwvc,dimacs1992,mccreesh2017_uai2014,1,,,,,
mccreesh2017/UAI/PR/DBN_16.mwvc,dimacs1992,mccreesh2017_uai2014,1,,,,,
mccreesh2017/UAI/PR/grid10x10.f10.mwvc,dimacs1992,mccreesh2017_uai2014,1,,,,,
mccreesh2017/UAI/PR/Grids_11.mwvc,dimacs1992,mccreesh2017_uai2014,1,,,,,
mccreesh2017/UAI/PR/Grids_12.mwvc,dimacs1992,mccreesh2017_uai2014,1,,,,,
mccreesh2017/UAI/PR/Grids_13.mwvc,dimacs1992,mccreesh2017_uai2014,1,,,,,
mccreesh2017/UAI/PR/Grids_14.mwvc,dimacs1992,mccreesh2017_uai2014,1,,,,,
mccreesh2017/UAI/PR/Grids_15.mwvc,dimacs1992,mccreesh2017_uai2014,1,,,,,
mccreesh2017/UAI/PR/Grids_16.mwvc,dimacs1992,mccreesh2017_uai2014,1,,,,,
mccreesh2017/UAI/PR/Grids_17.mwvc,dimacs1992,mccreesh2017_uai2014,1,,,,,
mccreesh2017/UAI/PR/Grids_18.mwvc,dimacs1992,mccreesh2017_uai2014,1,,,,,
mccreesh2017/UAI/PR/log-1.cnf.mwvc,dimacs1992,mccreesh2017_uai2014,1,,,,,
mccreesh2017/UAI/PR/log-2.cnf.mwvc,dimacs1992,mccreesh2017_uai2014,1,,,,,
mccreesh2017/UAI/PR/log-3.cnf.mwvc,dimacs1992,mccreesh2017_uai2014,1,,,,,
mccreesh2017/UAI/PR/log-4.cnf.mwvc,dimacs1992,mccreesh2017_uai2014,1,,,,,
mccreesh2017/UAI/PR/log-5.cnf.mwvc,dimacs1992,mccreesh2017_uai2014,1,,,,,
mccreesh2017/UAI/PR/logistics.a.cnf.mwvc,dimacs1992,mccreesh2017_uai2014,1,,,,,
mccreesh2017/UAI/PR/logistics.b.cnf.mwvc,dimacs1992,mccreesh2017_uai2014,1,,,,,
mccreesh2017/UAI/PR/logistics.c.cnf.mwvc,dimacs1992,mccreesh2017_uai2014,1,,,,,
mccreesh2017/UAI/PR/prob001.pddl.cnf.mwvc,dimacs1992,mccreesh2017_uai2014,1,,,,,
mccreesh2017/UAI/PR/prob002.pddl.cnf.mwvc,dimacs1992,mccreesh2017_uai2014,1,,,,,
mccreesh2017/UAI/PR/prob003.pddl.cnf.mwvc,dimacs1992,mccreesh2017_uai2014,1,,,,,
mccreesh2017/UAI/PR/prob004.pddl.cnf.mwvc,dimacs1992,mccreesh2017_uai2014,1,,,,,
mccreesh2017/UAI/PR/prob005.pddl.cnf.mwvc,dimacs1992,mccreesh2017_uai2014,1,,,,,
mccreesh2017/UAI/PR/prob012.pddl.cnf.mwvc,dimacs1992,mccreesh2017_uai2014,1,,,,,
mccreesh2017/UAI/PR/Promedus_11.mwvc,dimacs1992,mccreesh2017_uai2014,1,,,,,
mccreesh2017/UAI/PR/Promedus_12.mwvc,dimacs1992,mccreesh2017_uai2014,1,,,,,
mccreesh2017/UAI/PR/Promedus_13.mwvc,dimacs1992,mccreesh2017_uai2014,1,,,,,
mccreesh2017/UAI/PR/Promedus_14.mwvc,dimacs1992,mccreesh2017_uai2014,1,,,,,
mccreesh2017/UAI/PR/Promedus_15.mwvc,dimacs1992,mccreesh2017_uai2014,1,,,,,
mccreesh2017/UAI/PR/Promedus_16.mwvc,dimacs1992,mccreesh2017_uai2014,1,,,,,
mccreesh2017/UAI/PR/Promedus_17.mwvc,dimacs1992,mccreesh2017_uai2014,1,,,,,
mccreesh2017/UAI/PR/Promedus_18.mwvc,dimacs1992,mccreesh2017_uai2014,1,,,,,
mccreesh2017/UAI/PR/Promedus_19.mwvc,dimacs1992,mccreesh2017_uai2014,1,,,,,
mccreesh2017/UAI/PR/Promedus_20.mwvc,dimacs1992,mccreesh2017_uai2014,1,,,,,
mccreesh2017/UAI/PR/Promedus_21.mwvc,dimacs1992,mccreesh2017_uai2014,1,,,,,
mccreesh2017/UAI/PR/Promedus_22.mwvc,dimacs1992,mccreesh2017_uai2014,1,,,,,
mccreesh2017/UAI/PR/Promedus_23.mwvc,dimacs1992,mccreesh2017_uai2014,1,,,,,
mccreesh2017/UAI/PR/Promedus_24.mwvc,dimacs1992,mccreesh2017_uai2014,1,,,,,
mccreesh2017/UAI/PR/Promedus_25.mwvc,dimacs1992,mccreesh2017_uai2014,1,,,,,
mccreesh2017/UAI/PR/Promedus_26.mwvc,dimacs1992,mccreesh2017_uai2014,1,,,,,
mccreesh2017/UAI/PR/Promedus_27.mwvc,dimacs1992,mccreesh2017_uai2014,1,,,,,
mccreesh2017/UAI/PR/Promedus_28.mwvc,dimacs1992,mccreesh2017_uai2014,1,,,,,
mccreesh2017/UAI/PR/Promedus_29.mwvc,dimacs1992,mccreesh2017_uai2014,1,,,,,
mccreesh2017/UAI/PR/Promedus_30.mwvc,dimacs1992,mccreesh2017_uai2014,1,,,,,
mccreesh2017/UAI/PR/Promedus_31.mwvc,dimacs1992,mccreesh2017_uai2014,1,,,,,
mccreesh2017/UAI/PR/Promedus_32.mwvc,dimacs1992,mccreesh2017_uai2014,1,,,,,
mccreesh2017/UAI/PR/Promedus_33.mwvc,dimacs1992,mccreesh2017_uai2014,1,,,,,
mccreesh2017/UAI/PR/Promedus_34.mwvc,dimacs1992,mccreesh2017_uai2014,1,,,,,
mccreesh2017/UAI/PR/Promedus_35.mwvc,dimacs1992,mccreesh2017_uai2014,1,,,,,
mccreesh2017/UAI/PR/Promedus_36.mwvc,dimacs1992,mccreesh2017_uai2014,1,,,,,
mccreesh2017/UAI/PR/Promedus_37.mwvc,dimacs1992,mccreesh2017_uai2014,1,,,,,
mccreesh2017/UAI/PR/Promedus_38.mwvc,dimacs1992,mccreesh2017_uai2014,1,,,,,
mccreesh2017/UAI/PR/ra.cnf.mwvc,dimacs1992,mccreesh2017_uai2014,1,,,,,
mccreesh2017/UAI/PR/rb.cnf.mwvc,dimacs1992,mccreesh2017_uai2014,1,,,,,
mccreesh2017/UAI/PR/rc.cnf.mwvc,dimacs1992,mccreesh2017_uai2014,1,,,,,
mccreesh2017/UAI/PR/relational_1.mwvc,dimacs1992,mccreesh2017_uai2014,1,,,,,
mccreesh2017/UAI/PR/relational_2.mwvc,dimacs1992,mccreesh2017_uai2014,1,,,,,
mccreesh2017/UAI/PR/relational_3.mwvc,dimacs1992,mccreesh2017_uai2014,1,,,,,
mccreesh2017/UAI/PR/relational_4.mwvc,dimacs1992,mccreesh2017_uai2014,1,,,,,
mccreesh2017/UAI/PR/relational_5.mwvc,dimacs1992,mccreesh2017_uai2014,1,,,,,
mccreesh2017/UAI/PR/sat-grid-pbl-0010.cnf.mwvc,dimacs1992,mccreesh2017_uai2014,1,,,,,
mccreesh2017/UAI/PR/Segmentation_11.mwvc,dimacs1992,mccreesh2017_uai2014,1,,,,,
mccreesh2017/UAI/PR/Segmentation_12.mwvc,dimacs1992,mccreesh2017_uai2014,1,,,,,
mccreesh2017/UAI/PR/Segmentation_13.mwvc,dimacs1992,mccreesh2017_uai2014,1,,,,,
mccreesh2017/UAI/PR/Segmentation_14.mwvc,dimacs1992,mccreesh2017_uai2014,1,,,,,
mccreesh2017/UAI/PR/Segmentation_15.mwvc,dimacs1992,mccreesh2017_uai2014,1,,,,,
mccreesh2017/UAI/PR/Segmentation_16.mwvc,dimacs1992,mccreesh2017_uai2014,1,,,,,
mccreesh2017/WDP/wdp-instances/in101.grf,dimacs1992,mccreesh2017_winnerdetermination,1,,,,,
mccreesh2017/WDP/wdp-instances/in102.grf,dimacs1992,mccreesh2017_winnerdetermination,1,,,,,
mccreesh2017/WDP/wdp-instances/in103.grf,dimacs1992,mccreesh2017_winnerdetermination,1,,,,,
mccreesh2017/WDP/wdp-instances/in104.grf,dimacs1992,mccreesh2017_winnerdetermination,1,,,,,
mccreesh2017/WDP/wdp-instances/in105.grf,dimacs1992,mccreesh2017_winnerdetermination,1,,,,,
mccreesh2017/WDP/wdp-instances/in106.grf,dimacs1992,mccreesh2017_winnerdetermination,1,,,,,
mccreesh2017/WDP/wdp-instances/in107.grf,dimacs1992,mccreesh2017_winnerdetermination,1,,,,,
mccreesh2017/WDP/wdp-instances/in108.grf,dimacs1992,mccreesh2017_winnerdetermination,1,,,,,
mccreesh2017/WDP/wdp-instances/in109.grf,dimacs1992,mccreesh2017_winnerdetermination,1,,,,,
mccreesh2017/WDP/wdp-instances/in110.grf,dimacs1992,mccreesh2017_winnerdetermination,1,,,,,
mccreesh2017/WDP/wdp-instances/in201.grf,dimacs1992,mccreesh2017_winnerdetermination,1,,,,,
mccreesh2017/WDP/wdp-instances/in202.grf,dimacs1992,mccreesh2017_winnerdetermination,1,,,,,
mccreesh2017/WDP/wdp-instances/in203.grf,dimacs1992,mccreesh2017_winnerdetermination,1,,,,,
mccreesh2017/WDP/wdp-instances/in204.grf,dimacs1992,mccreesh2017_winnerdetermination,1,,,,,
mccreesh2017/WDP/wdp-instances/in205.grf,dimacs1992,mccreesh2017_winnerdetermination,1,,,,,
mccreesh2017/WDP/wdp-instances/in206.grf,dimacs1992,mccreesh2017_winnerdetermination,1,,,,,
mccreesh2017/WDP/wdp-instances/in207.grf,dimacs1992,mccreesh2017_winnerdetermination,1,,,,,
mccreesh2017/WDP/wdp-instances/in208.grf,dimacs1992,mccreesh2017_winnerdetermination,1,,,,,
mccreesh2017/WDP/wdp-instances/in209.grf,dimacs1992,mccreesh2017_winnerdetermination,1,,,,,
mccreesh2017/WDP/wdp-instances/in210.grf,dimacs1992,mccreesh2017_winnerdetermination,1,,,,,
mccreesh2017/WDP/wdp-instances/in401.grf,dimacs1992,mccreesh2017_winnerdetermination,1,,,,,
mccreesh2017/WDP/wdp-instances/in402.grf,dimacs1992,mccreesh2017_winnerdetermination,1,,,,,
mccreesh2017/WDP/wdp-instances/in403.grf,dimacs1992,mccreesh2017_winnerdetermination,1,,,,,
mccreesh2017/WDP/wdp-instances/in404.grf,dimacs1992,mccreesh2017_winnerdetermination,1,,,,,
mccreesh2017/WDP/wdp-instances/in405.grf,dimacs1992,mccreesh2017_winnerdetermination,1,,,,,
mccreesh2017/WDP/wdp-instances/in406.grf,dimacs1992,mccreesh2017_winnerdetermination,1,,,,,
mccreesh2017/WDP/wdp-instances/in407.grf,dimacs1992,mccreesh2017_winnerdetermination,1,,,,,
mccreesh2017/WDP/wdp-instances/in408.grf,dimacs1992,mccreesh2017_winnerdetermination,1,,,,,
mccreesh2017/WDP/wdp-instances/in409.grf,dimacs1992,mccreesh2017_winnerdetermination,1,,,,,
mccreesh2017/WDP/wdp-instances/in410.grf,dimacs1992,mccreesh2017_winnerdetermination,1,,,,,
mccreesh2017/WDP/wdp-instances/in501.grf,dimacs1992,mccreesh2017_winnerdetermination,1,,,,,
mccreesh2017/WDP/wdp-instances/in502.grf,dimacs1992,mccreesh2017_winnerdetermination,1,,,,,
mccreesh2017/WDP/wdp-instances/in503.grf,dimacs1992,mccreesh2017_winnerdetermination,1,,,,,
mccreesh2017/WDP/wdp-instances/in504.grf,dimacs1992,mccreesh2017_winnerdetermination,1,,,,,
mccreesh2017/WDP/wdp-instances/in505.grf,dimacs1992,mccreesh2017_winnerdetermination,1,,,,,
mccreesh2017/WDP/wdp-instances/in506.grf,dimacs1992,mccreesh2017_winnerdetermination,1,,,,,
mccreesh2017/WDP/wdp-instances/in507.grf,dimacs1992,mccreesh2017_winnerdetermination,1,,,,,
mccreesh2017/WDP/wdp-instances/in508.grf,dimacs1992,mccreesh2017_winnerdetermination,1,,,,,
mccreesh2017/WDP/wdp-instances/in509.grf,dimacs1992,mccreesh2017_winnerdetermination,1,,,,,
mccreesh2017/WDP/wdp-instances/in510.grf,dimacs1992,mccreesh2017_winnerdetermination,1,,,,,
mccreesh2017/WDP/wdp-instances/in601.grf,dimacs1992,mccreesh2017_winnerdetermination,1,,,,,
mccreesh2017/WDP/wdp-instances/in602.grf,dimacs1992,mccreesh2017_winnerdetermination,1,,,,,
mccreesh2017/WDP/wdp-instances/in603.grf,dimacs1992,mccreesh2017_winnerdetermination,1,,,,,
mccreesh2017/WDP/wdp-instances/in604.grf,dimacs1992,mccreesh2017_winnerdetermination,1,,,,,
mccreesh2017/WDP/wdp-instances/in605.grf,dimacs1992,mccreesh2017_winnerdetermination,1,,,,,
mccreesh2017/WDP/wdp-instances/in606.grf,dimacs1992,mccreesh2017_winnerdetermination,1,,,,,
mccreesh2017/WDP/wdp-instances/in607.grf,dimacs1992,mccreesh2017_winnerdetermination,1,,,,,
mccreesh2017/WDP/wdp-instances/in608.grf,dimacs1992,mccreesh2017_winnerdetermination,1,,,,,
mccreesh2017/WDP/wdp-instances/in609.grf,dimacs1992,mccreesh2017_winnerdetermination,1,,,,,
mccreesh2017/WDP/wdp-instances/in610.grf,dimacs1992,mccreesh2017_winnerdetermination,1,,,,,
networkrepository/bio-dmela.mtx,matrixmarket,networkrepository,0,,,,,
networkrepository/bio-yeast.mtx,matrixmarket,networkrepository,0,,,,,
networkrepository/ca-AstroPh.mtx,matrixmarket,networkrepository,0,,,,,
networkrepository/ca-citeseer.mtx,matrixmarket,networkrepository,0,,,,,
networkrepository/ca-coauthors-dblp.mtx,matrixmarket,networkrepository,0,,,,,
networkrepository/ca-CondMat.mtx,matrixmarket,networkrepository,0,,,,,
networkrepository/ca-CSphd.mtx,matrixmarket,networkrepository,0,,,,,
networkrepository/ca-dblp-2010.mtx,matrixmarket,networkrepository,0,,,,,
networkrepository/ca-dblp-2012.mtx,matrixmarket,networkrepository,0,,,,,
networkrepository/ca-Erdos992.mtx,matrixmarket,networkrepository,0,,,,,
networkrepository/ca-GrQc.mtx,matrixmarket,networkrepository,0,,,,,
networkrepository/ca-HepPh.mtx,matrixmarket,networkrepository,0,,,,,
networkrepository/ca-hollywood-2009.mtx,matrixmarket,networkrepository,0,,,,,
networkrepository/ca-MathSciNet.mtx,matrixmarket,networkrepository,0,,,,,
networkrepository/ia-email-EU.mtx,matrixmarket,networkrepository,0,,,,,
networkrepository/ia-email-univ.mtx,matrixmarket,networkrepository,0,,,,,
networkrepository/ia-enron-large.mtx,matrixmarket,networkrepository,0,,,,,
networkrepository/ia-fb-messages.mtx,matrixmarket,networkrepository,0,,,,,
networkrepository/ia-reality.mtx,matrixmarket,networkrepository,0,,,,,
networkrepository/ia-wiki-Talk.mtx,matrixmarket,networkrepository,0,,,,,
networkrepository/inf-power.mtx,matrixmarket,networkrepository,0,,,,,
networkrepository/inf-roadNet-CA.mtx,matrixmarket,networkrepository,0,,,,,
networkrepository/inf-roadNet-PA.mtx,matrixmarket,networkrepository,0,,,,,
networkrepository/rec-amazon.mtx,matrixmarket,networkrepository,0,,,,,
networkrepository/sc-ldoor.mtx,matrixmarket,networkrepository,0,,,,,
networkrepository/sc-msdoor.mtx,matrixmarket,networkrepository,0,,,,,
networkrepository/sc-nasasrb.mtx,matrixmarket,networkrepository,0,,,,,
networkrepository/sc-pkustk11.mtx,matrixmarket,networkrepository,0,,,,,
networkrepository/sc-pkustk13.mtx,matrixmarket,networkrepository,0,,,,,
networkrepository/sc-pwtk.mtx,matrixmarket,networkrepository,0,,,,,
networkrepository/sc-shipsec1.mtx,matrixmarket,networkrepository,0,,,,,
networkrepository/sc-shipsec5.mtx,matrixmarket,networkrepository,0,,,,,
networkrepository/soc-BlogCatalog.mtx,matrixmarket,networkrepository,0,,,,,
networkrepository/soc-brightkite.mtx,matrixmarket,networkrepository,0,,,,,
networkrepository/soc-buzznet.mtx,matrixmarket,networkrepository,0,,,,,
networkrepository/soc-delicious.mtx,matrixmarket,networkrepository,0,,,,,
networkrepository/soc-digg.mtx,matrixmarket,networkrepository,0,,,,,
networkrepository/soc-douban.mtx,matrixmarket,networkrepository,0,,,,,
networkrepository/soc-epinions.mtx,matrixmarket,networkrepository,0,,,,,
networkrepository/socfb-A-anon.mtx,matrixmarket,networkrepository,0,,,,,
networkrepository/socfb-B-anon.mtx,matrixmarket,networkrepository,0,,,,,
networkrepository/socfb-Berkeley13.mtx,matrixmarket,networkrepository,0,,,,,
networkrepository/socfb-CMU.mtx,matrixmarket,networkrepository,0,,,,,
networkrepository/socfb-Duke14.mtx,matrixmarket,networkrepository,0,,,,,
networkrepository/soc-flickr.mtx,matrixmarket,networkrepository,0,,,,,
networkrepository/soc-flixster.mtx,matrixmarket,networkrepository,0,,,,,
networkrepository/soc-FourSquare.mtx,matrixmarket,networkrepository,0,,,,,
networkrepository/soc-gowalla.mtx,matrixmarket,networkrepository,0,,,,,
networkrepository/soc-lastfm.mtx,matrixmarket,networkrepository,0,,,,,
networkrepository/soc-livejournal.mtx,matrixmarket,networkrepository,0,,,,,
networkrepository/soc-LiveMocha.mtx,matrixmarket,networkrepository,0,,,,,
networkrepository/soc-pokec.mtx,matrixmarket,networkrepository,0,,,,,
networkrepository/soc-slashdot.mtx,matrixmarket,networkrepository,0,,,,,
networkrepository/soc-twitter-follows.mtx,matrixmarket,networkrepository,0,,,,,
networkrepository/soc-youtube.mtx,matrixmarket,networkrepository,0,,,,,
networkrepository/soc-youtube-snap.mtx,matrixmarket,networkrepository,0,,,,,
